"tweet_id","in_reply_to_status_id","in_reply_to_user_id","retweeted_status_id","retweeted_status_user_id","timestamp","source","text","expanded_urls"
"300321443449798656","","","","","2013-02-09 19:13:06 +0000","<a href=""http://www.hootsuite.com"" rel=""nofollow"">HootSuite</a>","[YT] Uzmite svoj ra?un pri svakom pla?anju jer BEZ RA?UNA SE NE RA?UNA! http://t.co/Bzc5Nlmp #fiskalizacija","http://ow.ly/hzEkw"
"300316807150051329","300314621812801536","422047857","","","2013-02-09 18:54:41 +0000","<a href=""http://www.hootsuite.com"" rel=""nofollow"">HootSuite</a>","@ilijacosic97 U?enici koji poha?aju S? u RH, koriste javni prijevoz i udaljeniji su 5 km od ?kole. Jednostavno pi?e: http://t.co/0KzeqwRM :)","http://ow.ly/hzDjt"
"300315694866759680","300306776971149312","121580656","","","2013-02-09 18:50:15 +0000","<a href=""http://www.hootsuite.com"" rel=""nofollow"">HootSuite</a>","@edvardlovric Bojimo se da po pravilima za nagradnu igru vrijede ra?uni izdani 1.2.2013. pa nadalje. http://t.co/3nm2YsBc","http://ow.ly/hzD5I"
"300309263136460801","","","","","2013-02-09 18:24:42 +0000","<a href=""http://www.hootsuite.com"" rel=""nofollow"">HootSuite</a>","[YT] Veljko Ostoji? ju?er je osobno tvitao! Pogledajte kako je to izgledalo + odgovori na FB pitanja! http://t.co/PPDDfLvE #turizam","http://ow.ly/hzBH5"
"300298383925587968","300297402542338051","49612987","","","2013-02-09 17:41:28 +0000","<a href=""http://www.hootsuite.com"" rel=""nofollow"">HootSuite</a>","@domagojmargetic Glavni cilj kampanje je osvijesti gra?ane o va?nosti uzimanja ra?una pri svakom pla?anju."
"300295208728403968","","","","","2013-02-09 17:28:51 +0000","<a href=""http://www.hootsuite.com"" rel=""nofollow"">HootSuite</a>","Ju?er je zapo?ela nagradna igra ""BEZ RA?UNA SE NE RA?UNA"": Uzmite svoj ra?un pri svakom pla?anju! http://t.co/O9OwN8Ur #fiskalizacija","http://ow.ly/hzy1e"
"300292718918262784","300291269320646656","390194494","","","2013-02-09 17:18:58 +0000","<a href=""http://www.hootsuite.com"" rel=""nofollow"">HootSuite</a>","@ninalikeme Tu smo za dodatna pitanja. :)"
"300290517969809408","300268453946875904","422047857","","","2013-02-09 17:10:13 +0000","<a href=""http://www.hootsuite.com"" rel=""nofollow"">HootSuite</a>","@ilijacosic97 ?to te to?no zanima? Ovdje je odluka: http://t.co/YB3LsDeo","http://ow.ly/hzwO4"
"300288374806310912","300237502491545602","390194494","","","2013-02-09 17:01:42 +0000","<a href=""http://www.hootsuite.com"" rel=""nofollow"">HootSuite</a>","@ninalikeme Traje do iskori?tenja sredstava, ali ne dulje od 31.10.2013. godine."
"300282474741764096","","","","","2013-02-09 16:38:15 +0000","<a href=""http://www.hootsuite.com"" rel=""nofollow"">HootSuite</a>","MT @minpo_hr [JAVNI POZIV] Objavljen prvi ciklus natje?aja iz programa 'Poduzetni?ki impuls 2013.' http://t.co/ybzGrlLW  #politikahr","http://ow.ly/hzuSy"
"300249036882079746","","","","","2013-02-09 14:25:23 +0000","<a href=""http://www.hootsuite.com"" rel=""nofollow"">HootSuite</a>","[VIDEO] Ju?er je Ministar Ostoji? odgovarao na va?a pitanja. Pogledajte kako je to izgledalo + FB odgovori http://t.co/8xhB3HDH #turizam","http://ow.ly/hzh8T"
"300245025604915200","300243498953740288","14562671","","","2013-02-09 14:09:27 +0000","<a href=""http://www.hootsuite.com"" rel=""nofollow"">HootSuite</a>","@viborc Uvijek mo?e? poslati mail u Ministarstvo."
"300241457892167680","300236939821449216","14562671","","","2013-02-09 13:55:16 +0000","<a href=""http://www.hootsuite.com"" rel=""nofollow"">HootSuite</a>","@viborc Radi se tek o Nacrtu prijedloga Zakona, ne o kona?nom. :)"
"300241172809543680","300236939821449216","14562671","","","2013-02-09 13:54:08 +0000","<a href=""http://www.hootsuite.com"" rel=""nofollow"">HootSuite</a>","@viborc Savjetovanje je zavr?ilo (http://t.co/cXdLX1Fr), ali rasprava se jo? uvijek vodi. Promjene su mogu?e dok se ne donese u Saboru.","http://ow.ly/1S5deh"
"300235343976886273","300230604757274624","14562671","","","2013-02-09 13:30:58 +0000","<a href=""http://www.hootsuite.com"" rel=""nofollow"">HootSuite</a>","@viborc Na koji zakon misli?? Zakon o poticanju investicija je stupio na snagu jo? u rujnu.  http://t.co/QT16u4ch","http://ow.ly/1S5ckU"
"300232789880631296","","","","","2013-02-09 13:20:49 +0000","<a href=""http://www.hootsuite.com"" rel=""nofollow"">HootSuite</a>","ZM u #Bruxelles :"" Hrvatska mora biti u stanju iskoristiti 12 mlrd kuna koje imamo na raspolaganju"" http://t.co/qkqix6vB #euco #eu","http://ow.ly/hzgZq"
"300213697241034753","","","","","2013-02-09 12:04:57 +0000","<a href=""http://www.hootsuite.com"" rel=""nofollow"">HootSuite</a>","Sudjelujte u #javnarasprava o izmjenama i dopunama Zakona o osiguranju. Rok 13.2. http://t.co/zXBZ2NSA #politikahr","http://ow.ly/hzfoU"
"300199566555348993","","","","","2013-02-09 11:08:48 +0000","<a href=""http://www.hootsuite.com"" rel=""nofollow"">HootSuite</a>","MT @minpo_hr [JAVNI POZIV] Objavljen prvi ciklus natje?aja iz programa 'Poduzetni?ki impuls 2013.' http://t.co/zX2wJ40G  #politikahr","http://ow.ly/hzcyN"
"300199186685628416","300192989878296576","94572501","","","2013-02-09 11:07:18 +0000","<a href=""http://www.hootsuite.com"" rel=""nofollow"">HootSuite</a>","@forcebook Jesi vidio na?u zadnju infografiku gdje smo sumirali zadnjih #365dana ? :) http://t.co/6LM0nIPP cc: @dgrubelic","http://ow.ly/hzdpq"
"300197478500823040","","","","","2013-02-09 11:00:30 +0000","<a href=""http://www.hootsuite.com"" rel=""nofollow"">HootSuite</a>","[YT] Veljko Ostoji? ju?er je osobno tvitao! Pogledajte kako je to izgledalo + odgovori na FB pitanja! http://t.co/kn14m1V6 #turizam","http://ow.ly/hzdeA"
"300192462037733376","300188816784896000","94572501","","","2013-02-09 10:40:34 +0000","<a href=""http://www.hootsuite.com"" rel=""nofollow"">HootSuite</a>","Prvi #VladaUp tako je :) RT @forcebook Prije 1 godinu bio je #VladaUp @VladaRH :)"
"300190396154253313","","","","","2013-02-09 10:32:22 +0000","<a href=""http://www.hootsuite.com"" rel=""nofollow"">HootSuite</a>","Premijer Milanovi? u #Bruxelles: ""RH mora biti u stanju iskoristiti 12 mlrd kuna koje imamo na raspolaganju"" http://t.co/AV1Imjcb #euco #eu","http://ow.ly/hzc9Y"
"300174392539893760","","","","","2013-02-09 09:28:46 +0000","<a href=""http://www.hootsuite.com"" rel=""nofollow"">HootSuite</a>","Jutro! Ju?er je krenula nagradna igra ""BEZ RA?UNA SE NE RA?UNA"". Nemate ra?un? Prijavite Poreznoj http://t.co/WKiu1Qfz #fiskalizacija","http://ow.ly/hzaq7"
"299977536841080833","299976755068936193","416516906","","","2013-02-08 20:26:32 +0000","<a href=""http://www.hootsuite.com"" rel=""nofollow"">HootSuite</a>","@natasaljk Ustrojstvo #mzos-a mo?e se na?i na: http://t.co/imJkvvPk Tu smo za dodatna pitanja. /cc @nedeljko @marija_lugaric","http://ow.ly/hyuHH"
"299973286245330944","299972842349531138","778842524","","","2013-02-08 20:09:39 +0000","<a href=""http://www.hootsuite.com"" rel=""nofollow"">HootSuite</a>","@danielzgb01 Prire?iva? nagradne igre pod nazivom ""Bez ra?una se ne ra?una"" je Hrvatska Lutrija d.o.o."
"299973053381754880","299972290723065857","187522756","","","2013-02-08 20:08:43 +0000","<a href=""http://www.hootsuite.com"" rel=""nofollow"">HootSuite</a>","@dcaric Potrebno je poslati 20 razli?itih originalnih fiskalnih ra?una za sudjelovanje u nagradnoj igri. Pravila: http://t.co/SO5dvkqG","http://ow.ly/hysjk"
"299972674568994816","299971991534989312","25321266","","","2013-02-08 20:07:13 +0000","<a href=""http://www.hootsuite.com"" rel=""nofollow"">HootSuite</a>","@nedeljko @NatasaLJK Ukoliko govorite o ovome prilogu (http://t.co/FoPWfKJS), rije? je o savjetnici, a ne pomo?nici ministra.","http://ow.ly/hysbP"
"299971105580531712","299970386022498305","393276331","","","2013-02-08 20:00:59 +0000","<a href=""http://www.hootsuite.com"" rel=""nofollow"">HootSuite</a>","@friedrich69 Glavni cilj kampanje je osvijesti gra?ane o va?nosti uzimanja ra?una pri svakom pla?anju."
"299968454847496192","","","","","2013-02-08 19:50:27 +0000","<a href=""http://www.hootsuite.com"" rel=""nofollow"">HootSuite</a>","Danas je zapo?ela nagradna igra ""BEZ RA?UNA SE NE RA?UNA"": Uzmite svoj ra?un pri svakom pla?anju! http://t.co/MN3Gncm9 #fiskalizacija","http://ow.ly/hypnr"
"299966733052166144","299965941427605504","51280793","","","2013-02-08 19:43:36 +0000","<a href=""http://www.hootsuite.com"" rel=""nofollow"">HootSuite</a>","@slavonija Glavni cilj kampanje je osvijesti gra?ane o va?nosti uzimanja ra?una pri svakom pla?anju."
"299964355204759552","299962359441666049","49612987","","","2013-02-08 19:34:10 +0000","<a href=""http://www.hootsuite.com"" rel=""nofollow"">HootSuite</a>","@domagojmargetic Svaka sumnja na kr?enje propisa mo?e se prijaviti na http://t.co/PKaixqVv","http://www.inspektorat.hr"
"299962643198930944","299959608791928832","481464790","","","2013-02-08 19:27:21 +0000","<a href=""http://www.hootsuite.com"" rel=""nofollow"">HootSuite</a>","@kristina_1911 Vjerujemo da ti u Ministarstvu #branitelji mogu pomo?i po tom pitanju. Kontakti su na http://t.co/67YAbelI @riapostol","http://ow.ly/hynui"
"299962204701200384","299960104378302465","1078833589","","","2013-02-08 19:25:37 +0000","<a href=""http://www.hootsuite.com"" rel=""nofollow"">HootSuite</a>","@vedran_bralic Rije? je o pravilu N+3. Dakle, sredstva koja dobijemo mo?emo koristiti du?e. #EU"
"299957536281481217","299955336251576321","518385570","","","2013-02-08 19:07:04 +0000","<a href=""http://www.hootsuite.com"" rel=""nofollow"">HootSuite</a>","@emalend Hvala ti na komentaru, svoje prijedloge mo?e? poslati na teja.kolar@mingo.hr"
"299954580006002688","","","","","2013-02-08 18:55:19 +0000","<a href=""http://www.hootsuite.com"" rel=""nofollow"">HootSuite</a>","[YT] Danas zapo?inje nagradna igra ""BEZ RA?UNA SE NE RA?UNA"": Prijavite Poreznoj neizdavanje ra?una http://t.co/eaAMJUTW #fiskalizacija","http://ow.ly/hybCE"
"299944559486566401","","","","","2013-02-08 18:15:30 +0000","<a href=""http://www.hootsuite.com"" rel=""nofollow"">HootSuite</a>","Ministarstvo poljoprivrede: Povla?i se i proizvod RIAL ? tuna komadi u salamuri. Ne savjetuje se konzumacija. http://t.co/Z4XkQ5J5","http://ow.ly/hycrk"
"299941102662852608","","","","","2013-02-08 18:01:46 +0000","<a href=""http://www.hootsuite.com"" rel=""nofollow"">HootSuite</a>","[Audio] Predsjednik Vlade Milanovi? iz #Bruxelles: ""Sredstva koja dobijemo mo?i ?emo koristiti du?e"" http://t.co/usUtzJH2 #EUCO #politikahr","http://ow.ly/hy9zR"
"299935140833013760","","","","","2013-02-08 17:38:04 +0000","<a href=""http://www.hootsuite.com"" rel=""nofollow"">HootSuite</a>","U svrhu prevencije i za?tite potro?a?a, iz prodaje se povla?e odre?ena pakiranja mlijeka. Vi?e na: http://t.co/r5N8h15V","http://ow.ly/hy8SY"
"299926426952544256","299923220570718208","94572501","","","2013-02-08 17:03:27 +0000","<a href=""http://www.hootsuite.com"" rel=""nofollow"">HootSuite</a>","@forcebook Imali smo te na popisu da si komentirao u vezi #turizam, isprike. :)"
"299924206647390208","","","","","2013-02-08 16:54:37 +0000","<a href=""http://www.hootsuite.com"" rel=""nofollow"">HootSuite</a>","Istina. :) Vi?e: http://t.co/KPZ4e9LD RT @palcic: @VladaRH u tijeku je i #javnarasprava o Strategiji o razvoja e-javne nabave u RH :-)","http://ow.ly/hy1TX"
"299920449016561666","299919130268692482","38003542","","","2013-02-08 16:39:41 +0000","<a href=""http://www.hootsuite.com"" rel=""nofollow"">HootSuite</a>","@tvrtkobarun @MJuricDuTVnet Za sva preostala pitanja slobodno se mo?e? javiti u Ministarstvo #turizam na: press@mint.hr Hvala! :)"
"299918484354252800","","","","","2013-02-08 16:31:53 +0000","<a href=""http://www.hootsuite.com"" rel=""nofollow"">HootSuite</a>","Ministarstvo poljoprivrede obavje?tava potro?a?e: Povla?enje mlijeka s tr?i?ta u svrhu prevencije i za?tite potro?a?a. http://t.co/VnIc3VIi","http://ow.ly/hxWWK"
"299912292227764224","","","","","2013-02-08 16:07:17 +0000","<a href=""http://www.hootsuite.com"" rel=""nofollow"">HootSuite</a>","Uklju?ite se u #javnarasprava o izmjenama i dopunama Zakona o javnoj nabavi. Rok je 20.2. http://t.co/O0WIqJTR #politikahr","http://ow.ly/hxUse"
"299895564735246336","","","","","2013-02-08 15:00:49 +0000","<a href=""http://www.hootsuite.com"" rel=""nofollow"">HootSuite</a>","[YT] Danas zapo?inje nagradna igra ""BEZ RA?UNA SE NE RA?UNA"": Prijavite Poreznoj neizdavanje ra?una http://t.co/VUJC9TPZ #fiskalizacija","http://ow.ly/hxJCG"
"299889228278550528","","","","","2013-02-08 14:35:38 +0000","<a href=""http://www.hootsuite.com"" rel=""nofollow"">HootSuite</a>","RT @gquaggiotto: After Rwanda's Minister Mondays on Twitter, it's the turn of Croatia's Minister of #Tourism to take questions via @VladaRH"
"299885179080683520","299880875389235200","1137004394","","","2013-02-08 14:19:32 +0000","<a href=""http://www.hootsuite.com"" rel=""nofollow"">HootSuite</a>","@adrijanaar @NivesOdak Jasno je da komuniciramo u klimi velikog nepovjerenja prema politici. Me?utim uvijek isti?emo - nismo svi isti."
"299883601464553473","299882222385786880","147930719","","","2013-02-08 14:13:16 +0000","<a href=""http://www.hootsuite.com"" rel=""nofollow"">HootSuite</a>","@goransteficek Program Poduzetni?ki impuls 2013 otvoren je za sve i iznosi 730,5 mil kuna. Pogledaj prezentaciju na: http://t.co/WZYpd8Mb","http://ow.ly/hxBnx"
"299880493875339264","299865136146042880","295626395","","","2013-02-08 14:00:55 +0000","<a href=""http://www.hootsuite.com"" rel=""nofollow"">HootSuite</a>","@tasteofcroatia Ukoliko te zanima operativni marketing plan, dostupan je na stranicama HTZ-a: http://t.co/8lto7pSe /cc @idapandur","http://ow.ly/hxzI0"
"299878194432065537","299874557475565568","259374107","","","2013-02-08 13:51:47 +0000","<a href=""http://www.hootsuite.com"" rel=""nofollow"">HootSuite</a>","@nln3 @nedeljko @VladaRH @ssuljic @jklicinovic Otvoreni smo za ideje i prijedloge. :) #mzos"
"299873169043492864","","","","","2013-02-08 13:31:49 +0000","<a href=""http://www.hootsuite.com"" rel=""nofollow"">HootSuite</a>","Tvitera?i hvala! Veljko Ostoji? prvi je ministar koji je odgovarao na pitanja direktno preko ra?una @VladaRH http://t.co/RTIEVku2 #turizam","http://ow.ly/hxvgr"
"299870888822722561","","","","","2013-02-08 13:22:45 +0000","<a href=""http://www.hootsuite.com"" rel=""nofollow"">HootSuite</a>",".@KapitalacTwitt @MJuricDuTVnet Za sva preostala pitanja javite se direktno u Ministarstvo #turizam na: press@mint.hr Hvala! :)"
"299870552376610816","299868911392944128","474873203","","","2013-02-08 13:21:25 +0000","<a href=""http://www.hootsuite.com"" rel=""nofollow"">HootSuite</a>","@kapitalactwitt @MJuricDuTVnet To nije bio intervju, ve? je ministar odgovarao na mnoga pitanja tvitera?a, kao i korisnika Facebooka."
"299869821464625153","","","","","2013-02-08 13:18:31 +0000","<a href=""http://www.hootsuite.com"" rel=""nofollow"">HootSuite</a>","[YT] Danas zapo?inje nagradna igra ""BEZ RA?UNA SE NE RA?UNA"": Prijavite Poreznoj neizdavanje ra?una http://t.co/5ysr5HpV #fiskalizacija","http://ow.ly/hxunX"
"299864932248322048","299863886780321792","295626395","","","2013-02-08 12:59:05 +0000","<a href=""http://www.hootsuite.com"" rel=""nofollow"">HootSuite</a>","@tasteofcroatia Ministar je 40 minuta odgovarao na tvitove, no nije koristio hashtag #turizam, stoga odgovore pro?itaj na na?em profilu :)"
"299862774362812416","","","","","2013-02-08 12:50:31 +0000","<a href=""http://www.hootsuite.com"" rel=""nofollow"">HootSuite</a>","[FOTO] Hvala svima ?to ste sudjelovali u prvom tvitanju ministra s ra?una @VladaRH!  http://t.co/eJBo8ni1 #proud #turizam #politikahr","http://ow.ly/i/1uwRh"
"299861107139543040","","","","","2013-02-08 12:43:53 +0000","<a href=""http://www.hootsuite.com"" rel=""nofollow"">HootSuite</a>","hvala vam svima na pitanjima i uklju?enju. 
do naredne prilike srda?an pozdrav posebno turisti?kim radnicima!

Veljko Ostoji?"
"299860640334508032","299859351059963904","474873203","","","2013-02-08 12:42:02 +0000","<a href=""http://www.hootsuite.com"" rel=""nofollow"">HootSuite</a>","@kapitalactwitt planovi se rade na svim razinama, a ovaj je donijet uz u?e??e i privatnog sektora"
"299860094957539328","299854180716273665","19726292","","","2013-02-08 12:39:52 +0000","<a href=""http://www.hootsuite.com"" rel=""nofollow"">HootSuite</a>","@rain_wind_storm va?an segment, koji je u nadle?nosti ministarstva poljoprivrede,a temeljem kojeg mo?emo djelomi?no tr?i?no pozicionirati..."
"299859710415351808","299842758846341120","31398692","","","2013-02-08 12:38:20 +0000","<a href=""http://www.hootsuite.com"" rel=""nofollow"">HootSuite</a>","@mjuricdutvnet nekretninski projekt s golf igrali?tem koji je do sada pro?ao sve zakonske procedure"
"299859241462812673","299858089807605761","51892966","","","2013-02-08 12:36:28 +0000","<a href=""http://www.hootsuite.com"" rel=""nofollow"">HootSuite</a>","@dr_hindoo ve? podr?ali financijski za pripremu projekta za EU fondove. nastaviti ?emo podr?avati."
"299858978928742400","","","","","2013-02-08 12:35:26 +0000","<a href=""http://www.hootsuite.com"" rel=""nofollow"">HootSuite</a>","RT @croatiamagazine: Croatian Minister of #Tourism Veljko Ostojic answering questions via @VladaRH, take the opportunity! #Croatia #turizam"
"299858970741448704","","","299858574639771649","34957310","2013-02-08 12:35:24 +0000","<a href=""http://www.hootsuite.com"" rel=""nofollow"">HootSuite</a>","RT @CroatiaMagazine: Croatian Minister of #Tourism Veljko Ostojic answering questions via @VladaRH, take the opportunity! #Croatia #turizam"
"299858956203999233","299855410213564416","371321769","","","2013-02-08 12:35:20 +0000","<a href=""http://www.hootsuite.com"" rel=""nofollow"">HootSuite</a>","@frankaoreb odli?na potencijalna turisti?ka atrakcija. moramo biti hrabriji u komercijalizaciji spomenika kulture i njihovom..."
"299858533724336128","299856504440369153","297002414","","","2013-02-08 12:33:40 +0000","<a href=""http://www.hootsuite.com"" rel=""nofollow"">HootSuite</a>","@marijadjedovic za to je nadle?an HTZ i ove godine je za on line pove?an bud?et za 145% u odnosu na lani. to je jedan od prioriteta"
"299857979723882496","299852139965075456","71497252","","","2013-02-08 12:31:28 +0000","<a href=""http://www.hootsuite.com"" rel=""nofollow"">HootSuite</a>","@bsimun egzaktno navedeno u Strategiji kao jedan od prioriteta. planiramo iz strukturnih fondova financirati izgradnju nekoliko..."
"299857564093534209","299854828404883458","24742083","","","2013-02-08 12:29:49 +0000","<a href=""http://www.hootsuite.com"" rel=""nofollow"">HootSuite</a>","@idapandur ove godine smo u?inili velike pomake u programu rada HTZa i to ka On line komuniciranju. slijede?ih godina pomaci ?e biti jo?..."
"299857164128886784","299856143105277952","51685398","","","2013-02-08 12:28:13 +0000","<a href=""http://www.hootsuite.com"" rel=""nofollow"">HootSuite</a>","@mudri hvala na komplimentu :)"
"299856888361799681","299844277868048384","950630424","","","2013-02-08 12:27:07 +0000","<a href=""http://www.hootsuite.com"" rel=""nofollow"">HootSuite</a>","@prviratko neke lokacije imaju investitora, neke se pripremaju. bazeni u prvoj polovici ove godine."
"299856439739052032","299854287192850432","82958448","","","2013-02-08 12:25:20 +0000","<a href=""http://www.hootsuite.com"" rel=""nofollow"">HootSuite</a>","@dejanjurcic obzirom na rekordne rezultate  i gospodarsko stanje na na?im najzna?ajnijim emitivnim tr?i?tima,o?ekujem ponavljanje..."
"299856251620323328","","","","","2013-02-08 12:24:36 +0000","<a href=""http://www.hootsuite.com"" rel=""nofollow"">HootSuite</a>","[VIDEO] Ministar Veljko Ostoji? u?ivo tvita odgovore na va?a pitanja: http://t.co/krQHwyoN #turizam #whycroatia #politikahr","http://ow.ly/hxp0r"
"299855877018636288","299106487358337024","28873424","","","2013-02-08 12:23:06 +0000","<a href=""http://www.hootsuite.com"" rel=""nofollow"">HootSuite</a>","@maratonka hvala na jednom pozitivnom pristupu i dobrim ?eljama. to danas zaista nije pre?esti slu?aj pona?anja i komuniciranja."
"299855389040726016","299814957325893632","474873203","","","2013-02-08 12:21:10 +0000","<a href=""http://www.hootsuite.com"" rel=""nofollow"">HootSuite</a>","@kapitalactwitt zato ?to ""spontani "" turizam mo?e br?e i kvalitetnije rasti uz jasno definirani razvojni plan"
"299855340323876866","","","","","2013-02-08 12:20:58 +0000","<a href=""http://www.telly.com"" rel=""nofollow"">TellyApp</a>","Ministar Ostoji? odgovara na pitanja o #turizam http://t.co/Co0FohNU","http://telly.com/1VNP1Z"
"299855164054048768","299854018925170688","231564686","","","2013-02-08 12:20:16 +0000","<a href=""http://www.hootsuite.com"" rel=""nofollow"">HootSuite</a>","@mcpingvin cikloturizam je jedan od proizvoda koji smo eksplicite naveli u Strategiji razvitka i siguran sam da Hrvatska mo?e postati..."
"299854916799852546","299572600533823488","371321769","","","2013-02-08 12:19:17 +0000","<a href=""http://www.hootsuite.com"" rel=""nofollow"">HootSuite</a>","@frankaoreb film nije snimljen u turisti?ke promotivne svrhe ve? kao dio strategije koji govori o potrebi da na? turizam postane sve vi?e..."
"299854343081971712","299816114026864640","75745575","","","2013-02-08 12:17:01 +0000","<a href=""http://www.hootsuite.com"" rel=""nofollow"">HootSuite</a>","@t_josip jasna poruka investitorima, ne ?elimo da nam se turisti?ka budu?nost doga?a sama po sebi ve? ?elimo njome upravljati, preduvjet..."
"299854004366753792","299820248704626688","26605151","","","2013-02-08 12:15:40 +0000","<a href=""http://www.hootsuite.com"" rel=""nofollow"">HootSuite</a>","@inatelebuh preoblikovanje u organizacije koje ?e kvalitetnije upravljati destinacijama, imati jasnije definirane zada?e, osna?iti..."
"299853652921823232","299843757090680832","31398692","","","2013-02-08 12:14:16 +0000","<a href=""http://www.hootsuite.com"" rel=""nofollow"">HootSuite</a>","@mjuricdutvnet Javni natje?aj o?ekujemo za otprilike mjesec dana i ima naznaka za veliki interes investitora"
"299853459736383488","299844877112446976","31398692","","","2013-02-08 12:13:30 +0000","<a href=""http://www.hootsuite.com"" rel=""nofollow"">HootSuite</a>","@mjuricdutvnet na ?alost , ne postoji. vizni re?im moramo uskladiti sa prvilima EU"
"299853357886103552","299846786271551489","31398692","","","2013-02-08 12:13:06 +0000","<a href=""http://www.hootsuite.com"" rel=""nofollow"">HootSuite</a>","@mjuricdutvnet mislim da je dobro, ali mislim da pogotovo ?to se Dubrovnika ti?e, moramo unaprijediti redove dolazaka."
"299853103933558784","299849123140608001","34957310","","","2013-02-08 12:12:05 +0000","<a href=""http://www.hootsuite.com"" rel=""nofollow"">HootSuite</a>","@croatiamagazine nature, clean environment, proximity"
"299852972018511873","299850121343016960","121255008","","","2013-02-08 12:11:34 +0000","<a href=""http://www.hootsuite.com"" rel=""nofollow"">HootSuite</a>","@glossylike ne planira. osobno sam protiv toga."
"299852854758363137","","","","","2013-02-08 12:11:06 +0000","<a href=""http://www.hootsuite.com"" rel=""nofollow"">HootSuite</a>","Pozdrav tvitera?i! Ovdje Veljko. Spreman sam za va?a pitanja. #turizam"
"299852784071745536","","","","","2013-02-08 12:10:49 +0000","<a href=""http://www.hootsuite.com"" rel=""nofollow"">HootSuite</a>","[FOTO] Pripreme su u tijeku, uskoro ?e ministar Ostoji? tvitati odgovore na va?a pitanja o #turizam http://t.co/5PzBpykL Spremni? :)","http://ow.ly/i/1uw6H"
"299846217414868992","","","","","2013-02-08 11:44:43 +0000","<a href=""http://www.hootsuite.com"" rel=""nofollow"">HootSuite</a>","[PRVI PUT] Danas od 13 sati, ministar turizma ?e sam preko Twitter ra?una @VladaRH odgovarati na pitanja o #turizam!"
"299832841649410049","299810948343013376","214425638","","","2013-02-08 10:51:34 +0000","<a href=""http://www.hootsuite.com"" rel=""nofollow"">HootSuite</a>","@Zeljana_Croatia Hvala ti, ima? li mo?da pitanje za ministra #turizam? Btw. zaista spektakularan pogled :) #dubrovnik #croatia #adriatic"
"299825549222760449","","","","","2013-02-08 10:22:36 +0000","<a href=""http://www.hootsuite.com"" rel=""nofollow"">HootSuite</a>","Today, from 13.00h Minister of #Tourism V. Ostoji? will be answering questions via @VladaRH So there's your opportunity to ask! #Croatia"
"299819404529647616","","","","","2013-02-08 09:58:11 +0000","<a href=""http://www.hootsuite.com"" rel=""nofollow"">HootSuite</a>","Od 13h ministar sam odgovara na va?a pitanja o #turizam! RT @t_josip: @VladaRH Kakve koristi RH mo?e o?ekivati od nove strategije? #turizam"
"299816730140745729","299816328871702529","80801178","","","2013-02-08 09:47:33 +0000","<a href=""http://www.hootsuite.com"" rel=""nofollow"">HootSuite</a>","@svetonilovic Postavi ga s hashtagom #turizam i odgovor ?e sti?i, bez brige, Sveto :) cc @forcebook @TinoTarle @OutdoorDalmatia @komiska"
"299815638837379072","","94572501","","","2013-02-08 09:43:13 +0000","<a href=""http://www.hootsuite.com"" rel=""nofollow"">HootSuite</a>","@forcebook @TinoTarle @OutdoorDalmatia @komiska Danas ministar Ostoji? sam preko Twittera odgovara na pitanja. Hashtag #turizam i pucajte :)"
"299814607705473025","","85855414","","","2013-02-08 09:39:07 +0000","<a href=""http://www.hootsuite.com"" rel=""nofollow"">HootSuite</a>","@zriha @nmotika @maratonka Ekipa,neki dan ste tvitali o Strategiji #turizam Danas ministar sam odgovara na pitanja via Tw! Hashtag: #turizam"
"299810617144008706","299601519442001920","40433594","","","2013-02-08 09:23:15 +0000","<a href=""http://www.hootsuite.com"" rel=""nofollow"">HootSuite</a>","@nev_vena Mo?e? li pojasniti o kojim avionima se radi, kako bismo te mogli uputiti u nadle?nu agenciju ili ministarstvo?"
"299810370829312000","","","","","2013-02-08 09:22:17 +0000","<a href=""http://www.hootsuite.com"" rel=""nofollow"">HootSuite</a>","[PRVI PUT] Danas od 13 sati, ministar turizma ?e sam preko Twittera @VladaRH odgovarati na pitanja o #turizam!"
"299809791847575552","299649777145094144","548543305","","","2013-02-08 09:19:59 +0000","<a href=""http://www.hootsuite.com"" rel=""nofollow"">HootSuite</a>","@ana_bobic Dobit ?e @FrankaOreb odgovor, bez brige :) Ima? li ti mo?da neko pitanje vezano za #turizam? Ministar sam odgovara na pitanja."
"299792061115285504","","105450806","","","2013-02-08 08:09:31 +0000","<a href=""http://www.hootsuite.com"" rel=""nofollow"">HootSuite</a>","@chamango_design @dajnomajt @stankoskrobo @0007nikola0007 Ekipa, imate li pitanje za ministra Ostoji?a? Hashtag #turizam i pucajte :)"
"299791376097349632","","","","","2013-02-08 08:06:48 +0000","<a href=""http://www.hootsuite.com"" rel=""nofollow"">HootSuite</a>","Jutro #prvasmjena :) Tko je od vas pro?itao Strategiju #turizam 2020? Imate li pitanje za ministra? Koristite hashtag #turizam i pitajte!"
"299661234486267905","","","","","2013-02-07 23:29:40 +0000","<a href=""http://www.hootsuite.com"" rel=""nofollow"">HootSuite</a>","RT @euhvr: Short break of the plenary meeting until 1.30. #EUCO"
"299611911421562880","","","299610342055616512","64991482","2013-02-07 20:13:40 +0000","<a href=""http://www.hootsuite.com"" rel=""nofollow"">HootSuite</a>","RT @HMADavidSlinn: Potpredsjednik Mimica s britanskim ministrom za Europu Davidom Lidingtonom  http://t.co/gPitqZZx via @vladarh","http://www.vlada.hr/hr/naslovnica/novosti_i_najave/2013/veljaca/potpredsjednik_mimica_s_britanskim_ministrom_za_europu_davidom_lidingtonom"
"299602319853641728","","","","","2013-02-07 19:35:34 +0000","<a href=""http://www.hootsuite.com"" rel=""nofollow"">HootSuite</a>","[PITAJ MINISTRA] Hrvatski #turizam do 2020. godine? Imate li pitanje za ministra Veljka Ostoji?a? Koristite hashtag #turizam i pitajte!"
"299590875338665984","","","","","2013-02-07 18:50:05 +0000","<a href=""http://www.hootsuite.com"" rel=""nofollow"">HootSuite</a>","#EUfondovi RT @EU_Commission Want to know what the #EU #budget does for you? Here are some good examples: http://t.co/fckLBNBl","http://ow.ly/hvY1u"
"299584659363356672","299582425493819392","131644534","","","2013-02-07 18:25:23 +0000","<a href=""http://www.hootsuite.com"" rel=""nofollow"">HootSuite</a>","@jkruslin @Ylodi Pratimo gov.uk ve? dugo. Cilj nam je ostvariti ?to ve?u uklju?enost gra?ana, kao i maksimalnu otvorenost Vlade. Hvala vam!"
"299583147132219392","299571204619124736","171023230","","","2013-02-07 18:19:22 +0000","<a href=""http://www.hootsuite.com"" rel=""nofollow"">HootSuite</a>","@jimbojonezhr Sa Slovenijom se ve? mjesecima rje?ava pitanje #ljubljanskabanka,rje?enje je blizu http://t.co/w76NO7sy Nema govora o blokadi.","http://ow.ly/hw0jx"
"299578496227893248","","","","","2013-02-07 18:00:54 +0000","<a href=""http://www.hootsuite.com"" rel=""nofollow"">HootSuite</a>","[VIDEO] Teme sastanka: prora?un, mladi, zapo?ljavanje http://t.co/IWRrG8dr RT @EUCouncilPress #EUCO meeting expected to start at +/- 20.30.","http://ow.ly/hvY1U"
"299571108267556865","","","","","2013-02-07 17:31:32 +0000","<a href=""http://www.hootsuite.com"" rel=""nofollow"">HootSuite</a>","[PITAJ MINISTRA] Da ?ujemo, tko je od vas pro?itao Strategiju #turizam 2020? Slu?amo pitanja za min.Ostoji?a - hashtag #turizam i pucajte :)"
"299557190363123712","","","","","2013-02-07 16:36:14 +0000","<a href=""http://www.hootsuite.com"" rel=""nofollow"">HootSuite</a>","Poslu?ajte premijerovu izjavu #ljubljanskabanka http://t.co/CCwMVTaf RT @EUCouncilPress New estimated starting time for #EUCO meeting- 18.30","http://ow.ly/hvKZg"
"299529134852407297","299527686643130369","58300353","","","2013-02-07 14:44:45 +0000","<a href=""http://www.hootsuite.com"" rel=""nofollow"">HootSuite</a>","@karlaserblin Sigurni smo da ?e? dobiti odgovor u razumnom roku. Ako negdje zapne, tu smo ;) #turizam"
"299527218676240384","299525422025162752","49612987","","","2013-02-07 14:37:08 +0000","<a href=""http://www.hootsuite.com"" rel=""nofollow"">HootSuite</a>","@domagojmargetic Hvala ti, stvarno se trudimo :) Ostali smo ti du?ni premijerovu audio izjavu o #ljubljanskabanka: http://t.co/mi3Y6ViB","http://ow.ly/hvrCq"
"299526830388547585","299524122638180352","873268122","","","2013-02-07 14:35:35 +0000","<a href=""http://www.hootsuite.com"" rel=""nofollow"">HootSuite</a>","@crikvenicacro Pozdrav, kome ste to?no i kada slali upit?"
"299526721542168576","299520080352530433","58300353","","","2013-02-07 14:35:10 +0000","<a href=""http://www.hootsuite.com"" rel=""nofollow"">HootSuite</a>","@karlaserblin Pozdrav, mo?e? li provjeriti direktno u Ministarstvu #turizam? Evo kontakta: press@mint.hr. Hvala ti."
"299517717961134080","","","","","2013-02-07 13:59:23 +0000","<a href=""http://www.hootsuite.com"" rel=""nofollow"">HootSuite</a>","[AUDIO] ZM prije sastanka #euco: ""Ne mogu biti konkretniji oko dogovora sa Slovenijom u interesu uspjeha procesa."" http://t.co/Xa5H6B8K","http://ow.ly/hvm3F"
"299515568669732865","","","","","2013-02-07 13:50:50 +0000","<a href=""http://www.hootsuite.com"" rel=""nofollow"">HootSuite</a>","#ljubljanskabanka RT @krasnec ZM: jesam ostao duzan jos koji detalj? TK: pa sadrzaj samog dogovora! ZM: nice try! http://t.co/MlWXGb8L","http://telly.com/1RMXT0"
"299511114058825728","299509910511706112","49612987","","","2013-02-07 13:33:08 +0000","<a href=""http://www.hootsuite.com"" rel=""nofollow"">HootSuite</a>","@domagojmargetic Gra?ani su dali povjerenje ovoj Vladi na #izborihr. To nema veze s transparentno??u. Uskoro premijerova izjava."
"299510678635544578","","","","","2013-02-07 13:31:25 +0000","<a href=""http://www.hootsuite.com"" rel=""nofollow"">HootSuite</a>","RT @krasnec ZM: Ne mogu ni ja biti konkretan u interesu uspjeha procesa. Jo? uvijek nismo definitivno dogovorili ali idemo prema tome."
"299509704105787392","299507790836269056","49612987","","","2013-02-07 13:27:32 +0000","<a href=""http://www.hootsuite.com"" rel=""nofollow"">HootSuite</a>","@domagojmargetic Javnost ?e sa svime biti upoznata na vrijeme, kao i uvijek otkad je ova Vlada na vlasti."
"299509482428444672","299507790836269056","49612987","","","2013-02-07 13:26:39 +0000","<a href=""http://www.hootsuite.com"" rel=""nofollow"">HootSuite</a>","@domagojmargetic Ovdje se radi o diplomatskim pregovorima te prijedlogu fin. stru?njaka koji prije svega trebaju biti predstavljeni vladama."
"299506187852980224","","","","","2013-02-07 13:13:34 +0000","<a href=""http://www.hootsuite.com"" rel=""nofollow"">HootSuite</a>","[VIDEO] Teme sastanka: prora?un, mladi, zapo?ljavanje http://t.co/PZ4BIE1p RT @EUCouncilPress European Council start delayed to 17.30. #EUCO","http://ow.ly/hvgGN"
"299499485426499584","","","","","2013-02-07 12:46:56 +0000","<a href=""http://www.hootsuite.com"" rel=""nofollow"">HootSuite</a>","[Prezentacija] Ministar Veljko Ostoji? predstavio je ju?er Strategiju razvoja #turizam do 2020. godine http://t.co/yLhPkRc3 #politikahr","http://ow.ly/hve8t"
"299496815395491841","299491494321090560","707093","","","2013-02-07 12:36:19 +0000","<a href=""http://www.hootsuite.com"" rel=""nofollow"">HootSuite</a>","@ylodi Vjerujemo da bi ti sljede?i prilog mogao biti zanimljiv. http://t.co/vJQ3LVPJ :)","http://ow.ly/hvd1f"
"299496270383419392","299491494321090560","707093","","","2013-02-07 12:34:09 +0000","<a href=""http://www.hootsuite.com"" rel=""nofollow"">HootSuite</a>","@ylodi Zasada ne, ali svjesni smo potrebe za potrebom objedinjavanja takvih podataka na jednom mjestu ?ine?i ih dostupnima."
"299486548083220480","","","","","2013-02-07 11:55:31 +0000","<a href=""http://www.hootsuite.com"" rel=""nofollow"">HootSuite</a>","RT @gradovirh: Danas je to?no 20 godina od prvih lokalnih izbora. Sve?ano obilje?avanje sutra."
"299481392247615491","","44616623","","","2013-02-07 11:35:02 +0000","<a href=""http://beta.twitlonger.com"" rel=""nofollow"">TwitLonger Beta</a>","@ivandorotic @igorklajo @Romulic @inspektor_ Hvala vam na komentarima, evo odgovora iz Ministarstva #turizam (cont) http://t.co/WUoBTWA0","http://tl.gd/kv8vig"
"299479852799639552","","","","","2013-02-07 11:28:55 +0000","<a href=""http://www.hootsuite.com"" rel=""nofollow"">HootSuite</a>","U tijeku je #javnarasprava o Prijedlogu zakona o naplati poreznog duga fizi?kih osoba. Rok je 15.2. http://t.co/CWvlM4YQ #politikahr","http://ow.ly/hv6qJ"
"299470564022710272","","","","","2013-02-07 10:52:01 +0000","<a href=""http://www.hootsuite.com"" rel=""nofollow"">HootSuite</a>","Predsjednik Vlade Zoran Milanovi? sudjelovat ?e danas i sutra na sastanku @EUCouncilPress u #Bruxelles. Vi?e: http://t.co/pBcTwjvJ","http://ow.ly/hv2ZD"
"299466568797138944","","1078833589","","","2013-02-07 10:36:08 +0000","<a href=""http://beta.twitlonger.com"" rel=""nofollow"">TwitLonger Beta</a>","@vedran_bralic @dionice Jednu od osnovnih poluga  u privla?enju investicija predstavlja  Zakon o poticanju (cont) http://t.co/YaZwHbRk","http://tl.gd/kv8bvt"
"299460215177359360","","873976958","","","2013-02-07 10:10:53 +0000","<a href=""http://beta.twitlonger.com"" rel=""nofollow"">TwitLonger Beta</a>","@norafora Evo odgovora iz Ministarstva #turizam vezano za spot: 

""Film ?Turizam su emocije? nije (cont) http://t.co/otBTzAZW","http://tl.gd/kv84nf"
"299459442670456832","","","","","2013-02-07 10:07:49 +0000","<a href=""http://www.hootsuite.com"" rel=""nofollow"">HootSuite</a>","[Audio] Pusi? o Lj.banci: ""Vjerujem da smo prona?li rje?enje koje odgovara Sloveniji i Hrvatskoj."" http://t.co/cshid4zZ #politikahr @MVEP_hr","http://ow.ly/huZqs"
"299451902922457088","","","","","2013-02-07 09:37:51 +0000","<a href=""http://www.hootsuite.com"" rel=""nofollow"">HootSuite</a>","[Intervju] Potpredsjednik Gr?i? za @BankaMagazine: Nemamo vremena za ?ekanje. http://t.co/ubcC8EcR #politikahr","http://ow.ly/huWzx"
"299451271042191360","","992885833","","","2013-02-07 09:35:21 +0000","<a href=""http://beta.twitlonger.com"" rel=""nofollow"">TwitLonger Beta</a>","@ruskovecka_rosa Programi poput poduzetni?kog impulsa otvoreni su za sve, a i promijenjen je na?in (cont) http://t.co/E6jvC3qQ","http://tl.gd/kv7rt1"
"299444315065810944","","","","","2013-02-07 09:07:42 +0000","<a href=""http://www.hootsuite.com"" rel=""nofollow"">HootSuite</a>","#ogp RT @rephr: Dr?ava du?na objaviti sve bitne podatke na Internetu http://t.co/lolPolAR","http://bit.ly/WQtyza"
"299436919216017408","","113465579","","","2013-02-07 08:38:19 +0000","<a href=""http://beta.twitlonger.com"" rel=""nofollow"">TwitLonger Beta</a>","@bishonen_ Evo odgovora iz Ministarstva #turizam vezano za spot: 

""Film ?Turizam su emocije? nije (cont) http://t.co/WPImz5Gw","http://tl.gd/kv7eq9"
"299435267197128704","","","","","2013-02-07 08:31:45 +0000","<a href=""http://www.hootsuite.com"" rel=""nofollow"">HootSuite</a>","Jutro #prvasmjena! Potpredsjednik Gr?i? u posjeti je danas Vara?dinskoj ?upaniji. Vi?e: http://t.co/PyUNyCAK #politikahr","http://ow.ly/huR3I"
"299257976303280128","","","299256471445700608","192973828","2013-02-06 20:47:16 +0000","<a href=""http://www.hootsuite.com"" rel=""nofollow"">HootSuite</a>","RT @MZZRS: MFA #Erjavec after meeting with MFA of Croatia on bank issue: Innovative solution is on the horizon, will check it now with o ..."
"299251765818322944","","","","","2013-02-06 20:22:35 +0000","<a href=""http://www.hootsuite.com"" rel=""nofollow"">HootSuite</a>","[AUDIO] Pusi? o Lj.banci: ""Vjerujem da smo prona?li rje?enje koje odgovara Sloveniji i Hrvatskoj."" http://t.co/l8LVdOMY #politikahr @mvep_hr","http://ow.ly/hu31k"
"299244096801894401","","","","","2013-02-06 19:52:07 +0000","<a href=""http://www.hootsuite.com"" rel=""nofollow"">HootSuite</a>","Pusi?: ""Vjerujemo da ?e rje?enje do?i u vremenskim okvirima u kojima Slovenija ne?e biti posljednja zemlja koja ?e ratificirati Ugovor."" #EU"
"299243704017887232","","","","","2013-02-06 19:50:33 +0000","<a href=""http://www.hootsuite.com"" rel=""nofollow"">HootSuite</a>","Pusi? o Lj.banci: ""Nakon brojnih razgovora, smatram da smo na?li zajedni?ko rje?enje koje ?emo predstaviti vladama i javnosti."" #politikahr"
"299216846849208322","","","","","2013-02-06 18:03:50 +0000","<a href=""http://www.hootsuite.com"" rel=""nofollow"">HootSuite</a>","RT @GONG_hr: U i??ekivanju nove transparentnosti! /cc @VladaRH #saborhr #pristupinformacijama http://t.co/LI0ctNuG","http://goo.gl/1qLZp"
"299204761280991233","","","","","2013-02-06 17:15:48 +0000","<a href=""http://www.hootsuite.com"" rel=""nofollow"">HootSuite</a>","Potpredsjednik Gr?i? sutra odlazi u Vara?dinsku ?upaniju u posjet poduzetni?kim zonama Kneginec Gornji i Jal?abet http://t.co/jZQ7odkF","http://ow.ly/htvJc"
"299190759188484096","299188055468826624","448694372","","","2013-02-06 16:20:10 +0000","<a href=""http://www.hootsuite.com"" rel=""nofollow"">HootSuite</a>","@adelinamarini can you be more specific? No reports have been limited"
"299189317790744576","","","","","2013-02-06 16:14:26 +0000","<a href=""http://www.hootsuite.com"" rel=""nofollow"">HootSuite</a>","Premijer Milanovi? sutra i preksutra sudjeluje na sastanku @EUCouncilPress u #Bruxelles http://t.co/Wx1ffOYg #euco #eu","http://ow.ly/httdU"
"299182540504313856","","32816585","","","2013-02-06 15:47:30 +0000","<a href=""http://beta.twitlonger.com"" rel=""nofollow"">TwitLonger Beta</a>","@Kresendo @kegnatz @Kapjela @maLennaX kao ?to smo ve? napisali Vlada Republike Hrvatske nije donijela nikakvu (cont) http://t.co/gRD3sDBV","http://tl.gd/kv18vc"
"299181413650034688","","","","","2013-02-06 15:43:02 +0000","<a href=""http://www.hootsuite.com"" rel=""nofollow"">HootSuite</a>","RT @nikolicdavor1: Government adopts draft tourism development strategy http://t.co/WnXxoOKx via @VladaRH #croatia #whycroatia","http://www.vlada.hr/hr/naslovnica/novosti_i_najave/2013/veljaca/government_adopts_draft_tourism_development_strategy"
"299172682338025472","","49612987","","","2013-02-06 15:08:20 +0000","<a href=""http://beta.twitlonger.com"" rel=""nofollow"">TwitLonger Beta</a>","@domagojmargetic HZZO svoje osiguranike na lije?enje u inozemstvo upu?uje kada medicinski stru?njaci procjene (cont) http://t.co/wtY4odyk","http://tl.gd/kv0o3a"
"299171071247147008","","45330827","","","2013-02-06 15:01:56 +0000","<a href=""http://beta.twitlonger.com"" rel=""nofollow"">TwitLonger Beta</a>","@antedilluvian @hbujas Evo odgovora iz Ministarstva #turizam vezano za spot: 

""Film ?Turizam su emocije? (cont) http://t.co/TxMCmG1g","http://tl.gd/kv0lb8"
"299170256008671232","","210135868","","","2013-02-06 14:58:42 +0000","<a href=""http://beta.twitlonger.com"" rel=""nofollow"">TwitLonger Beta</a>","@rsekulic @AntoNio_0708 @maraTonka @zriha Evo odgovora iz Ministarstva #turizam vezano za spot: 

""Film (cont) http://t.co/9lw0XNFK","http://tl.gd/kv0jtu"
"299168431008251905","299166829199360001","28531860","","","2013-02-06 14:51:26 +0000","<a href=""http://www.hootsuite.com"" rel=""nofollow"">HootSuite</a>","@vakica Jako nam je drago to ?uti :)"
"299168342797848576","","","","","2013-02-06 14:51:05 +0000","<a href=""http://www.hootsuite.com"" rel=""nofollow"">HootSuite</a>","RT @vakica: Prezadovoljna sudjelovanjem na Javnoj raspravi o izmjenama i dopunama Zakona o savjetima mladih @VladaRH http://t.co/dfsJFddD","http://twitter.com/Vakica/status/299166829199360001/photo/1"
"299167944544509953","299165685739819009","22693731","","","2013-02-06 14:49:30 +0000","<a href=""http://www.hootsuite.com"" rel=""nofollow"">HootSuite</a>","@markopadovan Hahahaha dobraa :D"
"299163547437522944","","22693731","","","2013-02-06 14:32:02 +0000","<a href=""http://beta.twitlonger.com"" rel=""nofollow"">TwitLonger Beta</a>","@markopadovan Zna? li kako funkcionira sustav PDV-a? Svatko mo?e otvoriti liniju i re?i da je humanitarna. (cont) http://t.co/MOCyEg8J","http://tl.gd/kv07ss"
"299158107815284736","","","","","2013-02-06 14:10:25 +0000","<a href=""http://www.hootsuite.com"" rel=""nofollow"">HootSuite</a>","S dana?nje sjednice Vlade: Strategija #turizam 2020, Zakon o pravu na pristup informacijama - gra?ani imaju pravo znati http://t.co/IEC67jzY","http://ow.ly/ht8zo"
"299144715075481600","299104269003530241","1149129594","","","2013-02-06 13:17:12 +0000","<a href=""http://www.hootsuite.com"" rel=""nofollow"">HootSuite</a>","@tinotarle Bilo je raspisano mnogo poticaja i bespovratnih sredstava u #turizam, ?to smo nebrojeno puta i tvitali: http://t.co/qkg0sp88","http://ow.ly/ht1H1"
"299143553723031552","299139407674478592","18796865","","","2013-02-06 13:12:35 +0000","<a href=""http://www.hootsuite.com"" rel=""nofollow"">HootSuite</a>","@darkob Hvala, tu smo ve? vi?e od godine dana, ali podr?ka je uvijek dobrodo?la :)"
"299142593080598529","","","","","2013-02-06 13:08:46 +0000","<a href=""http://beta.twitlonger.com"" rel=""nofollow"">TwitLonger Beta</a>","Priop?enje HZZO-a u svezi rje?enja o zahtjevu za lije?enje u SAD Nore ?itum:

Hrvatski zavod za zdravstveno (cont) http://t.co/oUMYYErI","http://tl.gd/kuv1r4"
"299141730828161026","","85855414","","","2013-02-06 13:05:21 +0000","<a href=""http://beta.twitlonger.com"" rel=""nofollow"">TwitLonger Beta</a>","@zriha @majafiume @AntoNio_0708 @ivospigel @maraTonka ?eljko, mislili smo da si upoznat s reformama koje se (cont) http://t.co/wiz33c5d","http://tl.gd/kuv08f"
"299140344975609857","299127948760465408","432840562","","","2013-02-06 12:59:50 +0000","<a href=""http://www.hootsuite.com"" rel=""nofollow"">HootSuite</a>","@murekar Hvala na opasci, prenijeli smo direktno sa stranica @mvep_hr. Vjerujemo da ?e ispraviti :)"
"299139306705006592","299138272569999360","22693731","","","2013-02-06 12:55:43 +0000","<a href=""http://www.hootsuite.com"" rel=""nofollow"">HootSuite</a>",". @markopadovan Vlada Republike Hrvatske nije donijela nikakvu odluku o kupovini aviona. Cijelo priop?enje: http://t.co/7JHlrV2E #politikahr","http://ow.ly/hsZyR"
"299138864604393473","299131825442398208","18796865","","","2013-02-06 12:53:57 +0000","<a href=""http://www.hootsuite.com"" rel=""nofollow"">HootSuite</a>","@darkob Hvala! Kao ?to je danas rekao premijer: ""Vlada mora biti otvorena. Gra?ani imaju pravo znati"" Zakon pro?itajte: http://t.co/CvOce6xQ","http://ow.ly/hsZmw"
"299135572558106625","299133869200928769","210135868","","","2013-02-06 12:40:52 +0000","<a href=""http://www.hootsuite.com"" rel=""nofollow"">HootSuite</a>","@rsekulic Tako je! :) #turizam"
"299135278608687104","","91099454","","","2013-02-06 12:39:42 +0000","<a href=""http://beta.twitlonger.com"" rel=""nofollow"">TwitLonger Beta</a>","@moskalva Evo cijelog priop?enja: Povodom objave ?lanka pod naslovom ?Vlada kupuje jo? jedan luksuzni (cont) http://t.co/yAaYRThr","http://tl.gd/kuuks6"
"299133455021772800","299131305956892672","210135868","","","2013-02-06 12:32:27 +0000","<a href=""http://www.hootsuite.com"" rel=""nofollow"">HootSuite</a>","@rsekulic Spotovi su super, hvala ti na komentarima - proslijedili smo odgovornima u Ministarstvu #turizam ;)"
"299130581994848257","","","","","2013-02-06 12:21:02 +0000","<a href=""http://www.hootsuite.com"" rel=""nofollow"">HootSuite</a>","RT @gong_hr: U i??ekivanju nove transparentnosti! /cc @VladaRH #saborhr #pristupinformacijama http://t.co/LI0ctNuG","http://goo.gl/1qLZp"
"299127777536405504","299120261272317954","481245213","","","2013-02-06 12:09:54 +0000","<a href=""http://www.hootsuite.com"" rel=""nofollow"">HootSuite</a>","@doniralica @oresk Kao ?to i pi?e u odluci: Udruzi roditelja djece oboljele i lije?ene od malignih bolesti""Hrabro dijete"" iz Nove Gradi?ke."
"299127492395008000","","","","","2013-02-06 12:08:46 +0000","<a href=""http://www.hootsuite.com"" rel=""nofollow"">HootSuite</a>","Susret ministrice @MVEP_hr Pusi? i ministra @MZZRS Erjavca s financijskim stru?njacima  danas je u 14h u Oto?cu ob Krki #politikahr"
"299124725207158784","299115590734462977","335487744","","","2013-02-06 11:57:46 +0000","<a href=""http://www.hootsuite.com"" rel=""nofollow"">HootSuite</a>",". @kupusarchina Sla?emo se :) Cijeli dokument Strategije razvoja #turizam 2020. dostupan je ovdje: http://t.co/tjLX3bkn","http://ow.ly/hsTmU"
"299122789980463106","299087578517364736","91099454","","","2013-02-06 11:50:05 +0000","<a href=""http://www.hootsuite.com"" rel=""nofollow"">HootSuite</a>","@moskalva Upravo saznali - ne kupuje se novi zrakoplov."
"299113110898356224","","","","","2013-02-06 11:11:37 +0000","<a href=""http://www.hootsuite.com"" rel=""nofollow"">HootSuite</a>","[FOTO] Trenutno smo 34. zemlja u svijetu po konkurentnosti u #turizam i tek 8. po redu na Mediteranu. Novi ciljevi: http://t.co/h9u2Ul7j","http://ow.ly/i/1tL2t"
"299110254380187649","","","","","2013-02-06 11:00:16 +0000","<a href=""http://www.hootsuite.com"" rel=""nofollow"">HootSuite</a>","[U?IVO] Predstavljanje Strategije #turizam 2020 pratite ovdje: http://t.co/Swf7oM0w Prezentacija: http://t.co/X8uE5i1y","http://ow.ly/hsNsT","http://ow.ly/hsNv1"
"299106027331280896","299103943512973312","28873424","","","2013-02-06 10:43:28 +0000","<a href=""http://www.hootsuite.com"" rel=""nofollow"">HootSuite</a>","@antonio_0708 @maratonka @zriha Hvala na kritikama, proslijedili smo u Ministarstvo #turizam ?to mislite o samoj strategiji? :)"
"299105650837954560","299096598129016832","85855414","","","2013-02-06 10:41:58 +0000","<a href=""http://www.hootsuite.com"" rel=""nofollow"">HootSuite</a>","@zriha Hvala na kritici, proslijedili smo odgovornima. Jesi li pro?itao Strategiju 2020? Prezentacija: http://t.co/8LM5NpjS #turizam","http://ow.ly/hsN1s"
"299105371300192256","299100005938110464","875158645","","","2013-02-06 10:40:52 +0000","<a href=""http://www.hootsuite.com"" rel=""nofollow"">HootSuite</a>","@paraolimpijac Hvala na podr?ci, no bez vas sve ovo ne bi bilo mogu?e! :)"
"299105249778626560","299097777483423744","57007407","","","2013-02-06 10:40:23 +0000","<a href=""http://www.hootsuite.com"" rel=""nofollow"">HootSuite</a>","@robertpichler Sve ?to je ispregovarano: http://t.co/KjrK6FVc Tijek ratifikacije: http://t.co/eRoIEjiy Info telefon: Halo #EU 0800 622 622","http://ow.ly/hsMJi","http://ow.ly/hsMRC"
"299104325500809216","","481245213","","","2013-02-06 10:36:42 +0000","<a href=""http://beta.twitlonger.com"" rel=""nofollow"">TwitLonger Beta</a>","@doniralica Pozdrav, poku?at ?emo ?to jasnije objasniti princip. Kao ?to je ministar Lini? rekao danas - u (cont) http://t.co/l8YQSSoK","http://tl.gd/kut8cr"
"299101810663247872","","","","","2013-02-06 10:26:43 +0000","<a href=""http://www.hootsuite.com"" rel=""nofollow"">HootSuite</a>","[FOTO] Ministar Ostoji? uskoro ?e predstaviti Strategiju #turizam 2020: http://t.co/W8su7kUq Pogledali prezentaciju? http://t.co/sjJLYpCM","http://ow.ly/i/1tKqJ","http://ow.ly/hsLm5"
"299096332155617280","","","","","2013-02-06 10:04:57 +0000","<a href=""http://www.hootsuite.com"" rel=""nofollow"">HootSuite</a>","Na teret prora?unske zalihe odobrena su sredstva radi povrata upla?enog PDV-a na telefonske pozive za lije?enje Nore ?itum. #norafora"
"299094631830917121","299093462589001728","42601966","","","2013-02-06 09:58:11 +0000","<a href=""http://www.hootsuite.com"" rel=""nofollow"">HootSuite</a>","@komiska Hvala tebi na prigodnom citatu i na ideji za #turizam, spremili smo i pogledat ?emo :)"
"299094262350499840","","20585659","","","2013-02-06 09:56:43 +0000","<a href=""http://www.hootsuite.com"" rel=""nofollow"">HootSuite</a>","@ivanhruskovec @rjasmin @ivucica @evilworks69 @ilukac @kojiclaw @crikvenicacro Ekipa, bacili oko na Nacrt ZPPI-ja? http://t.co/NG1oS2lW #ogp","http://ow.ly/hsJfK"
"299093364631027712","","53057366","","","2013-02-06 09:53:09 +0000","<a href=""http://beta.twitlonger.com"" rel=""nofollow"">TwitLonger Beta</a>","@dadofr Ministarstvo zdravlja pripremilo je Pravilnik o izmjenama i dopunama pravilnika o dodacima prehrani koji (cont) http://t.co/JY5RuUAV","http://tl.gd/kusrml"
"299093004973637633","299063590403579904","210135868","","","2013-02-06 09:51:43 +0000","<a href=""http://www.hootsuite.com"" rel=""nofollow"">HootSuite</a>","@rsekulic Hvala ti na kritici, proslijedit ?emo odgovornima. Jesi li pogledao prezentaciju? http://t.co/UXVykZYM Kako ti se ?ini? #turizam","http://ow.ly/hsIUg"
"299091968640823296","","","","","2013-02-06 09:47:36 +0000","<a href=""http://www.hootsuite.com"" rel=""nofollow"">HootSuite</a>","#ogp RT @komiska:""The best weapon of a dictatorship is secrecy, but the best weapon of a democracy should be the weapon of openness"" N. Bohr"
"299089641548705792","","105450806","","","2013-02-06 09:38:22 +0000","<a href=""http://www.hootsuite.com"" rel=""nofollow"">HootSuite</a>","@chamango_design @dajnomajt @stankoskrobo @TasteofCroatia @0007nikola0007  Pratite sjednicu? Strategija #turizam 2020: http://t.co/Ew82jziC","http://ow.ly/hsHS9"
"299089081479094273","","","","","2013-02-06 09:36:08 +0000","<a href=""http://www.hootsuite.com"" rel=""nofollow"">HootSuite</a>","Cilj Strategije #turizam 2020: ""RH ?e biti me?u vode?ih 20 turisti?kih zemalja svijeta."" Kako? Pogledajte prezentaciju: http://t.co/0zSSgCDS","http://ow.ly/hsHFD"
"299088033364455424","","","","","2013-02-06 09:31:58 +0000","<a href=""http://www.hootsuite.com"" rel=""nofollow"">HootSuite</a>","Ostoji?: ""Na?em #turizam trebaju proizvodi ve?e dodane vrijednosti, primjena zelenih koncepata, nove informacijske tehnologije, inovacije."""
"299087354348568576","","","","","2013-02-06 09:29:16 +0000","<a href=""http://www.hootsuite.com"" rel=""nofollow"">HootSuite</a>","Ostoji?: ""Glavni proizvodi u #turizam u RH su sunce i more. Nama treba odr?ivi razvoj i inovacije te #investicije."" http://t.co/JfkV7BS0","http://ow.ly/hsH37"
"299086504515485696","","","","","2013-02-06 09:25:54 +0000","<a href=""http://www.hootsuite.com"" rel=""nofollow"">HootSuite</a>","[Prezentacija] Ministar Ostoji? upravo predstavlja Stretegiju razvoja #turizam 2020: http://t.co/yePz5o9f U?ivo: http://t.co/u7j7zXCJ","http://ow.ly/hsGEL","http://ow.ly/hsGM5"
"299083459895377920","","","","","2013-02-06 09:13:48 +0000","<a href=""http://www.hootsuite.com"" rel=""nofollow"">HootSuite</a>","Bauk: ""Izmjenama ZPPI uska?ujemo se s #EU i pobolj?avamo otvorenost i javnost rada tijela javne vlasti."" Nacrt: http://t.co/UU0bg4hn #ogp","http://ow.ly/hsFOJ"
"299083074732449792","","","","","2013-02-06 09:12:16 +0000","<a href=""http://www.hootsuite.com"" rel=""nofollow"">HootSuite</a>","Milanovi?: ""Vlada mora biti otvorena. Najkompetitivnije dr?ave imaju najotvorenije vlade. Gra?ani imaju pravo znati."" #ogp #politikahr"
"299082250237124608","","","","","2013-02-06 09:08:59 +0000","<a href=""http://www.hootsuite.com"" rel=""nofollow"">HootSuite</a>","[U?IVO] 75. sjednica Vlade zapo?inje sa Zakonom o pravu na pristup informacijama - video prijenos: http://t.co/WxVX6L87 cc @gong_hr #ogp","http://ow.ly/hsFpe"
"299081546516807680","298911928280023040","114876776","","","2013-02-06 09:06:12 +0000","<a href=""http://www.hootsuite.com"" rel=""nofollow"">HootSuite</a>","@tugstox Provjerit ?emo, pa javimo, ok? Hvala na strpljenju."
"299076510147555328","","","","","2013-02-06 08:46:11 +0000","<a href=""http://www.hootsuite.com"" rel=""nofollow"">HootSuite</a>","[YT] Hrvatska strategija za #turizam: By 2020 #Croatia in the top 20 http://t.co/Khft2eFO Predstavljanje strategije nakon sjednice!","http://ow.ly/hrEXt"
"299070254334750722","","","","","2013-02-06 08:21:19 +0000","<a href=""http://www.hootsuite.com"" rel=""nofollow"">HootSuite</a>","Jutro #prvasmjena! U 10h na sjednici: Zakon o pravu na pristup informacijama, strategija razvoja #turizam http://t.co/1NdRhfn9 #politikahr","http://ow.ly/1RWK42"
"298886025479061504","298884624367624192","128848053","","","2013-02-05 20:09:16 +0000","<a href=""http://www.hootsuite.com"" rel=""nofollow"">HootSuite</a>","@petebjc Upravo zato je u tijeku #javnarasprava kako bi se Nacrt prijedloga Zakona diskutirao i eventualno popravio. :)"
"298884231566876673","298883042666225664","24558718","","","2013-02-05 20:02:08 +0000","<a href=""http://www.hootsuite.com"" rel=""nofollow"">HootSuite</a>","@istria Prethodila je rasprava i savjetovanje kao i analiza turizma danas. Strategiju mo?e? pro?itati na: http://t.co/LrT2UuAt :)","http://ow.ly/hrMFP"
"298882577484365824","","","","","2013-02-05 19:55:34 +0000","<a href=""http://www.hootsuite.com"" rel=""nofollow"">HootSuite</a>","Sutra na sjednici Vlade: Zakon o pravu na pristup informacijama, strategija razvoja #turizam... Dnevni red: http://t.co/1LLtM0l2 #politikahr","http://ow.ly/hrHOY"
"298880058603495424","298878412016218112","128848053","","","2013-02-05 19:45:33 +0000","<a href=""http://www.hootsuite.com"" rel=""nofollow"">HootSuite</a>","@petebjc Iznos je na razini komunalne naknade kao ?to si mogao pro?itati, a pla?ati ?e vi?e oni koji imaju vi?e rekao je ministar Lini?."
"298874543697698816","","","","","2013-02-05 19:23:38 +0000","<a href=""http://www.hootsuite.com"" rel=""nofollow"">HootSuite</a>","Ministar Veljko O. za @mediaservishr: Zavr?ena je Strategija #turizam. Cilj: Hrvatska u vode?ih 20 turisti?kih zemalja http://t.co/Bdgnh9Wt","http://ow.ly/hrHJ9"
"298874121117380608","298871363253444608","518385570","","","2013-02-05 19:21:57 +0000","<a href=""http://www.hootsuite.com"" rel=""nofollow"">HootSuite</a>","@emalend To je taj Zakon. Ho?e? li pratiti sjednicu? :)"
"298869113508470784","","","","","2013-02-05 19:02:04 +0000","<a href=""http://www.hootsuite.com"" rel=""nofollow"">HootSuite</a>","[YT] Hrvatska strategija za #turizam: By 2020 #Croatia in the top 20 http://t.co/Khft2eFO","http://ow.ly/hrEXt"
"298865814910693376","298860080495996928","128848053","","","2013-02-05 18:48:57 +0000","<a href=""http://www.hootsuite.com"" rel=""nofollow"">HootSuite</a>","@petebjc Na http://t.co/4sg3ZKdO mo?e? na?i uz ostalo i prezentaciju koja sadr?i nekoliko konkretnih primjera #porezNN, preporu?ujemo.","http://ow.ly/hrCXp"
"298864965048209408","","","","","2013-02-05 18:45:34 +0000","<a href=""http://www.hootsuite.com"" rel=""nofollow"">HootSuite</a>","""Cilj je staviti dr?avno poljoprivredno zemlji?te u funkciju na transparentan na?in."" - ministar Tihomir Jakovina u Dnevniku #politikahr"
"298864590392008704","","","","","2013-02-05 18:44:05 +0000","<a href=""http://www.hootsuite.com"" rel=""nofollow"">HootSuite</a>","Ministar Jakovina u Dnevniku za @zsprajc: ""Zakon o poljoprivrednom zemlji?tu je samo po?etak poljoprivredne reforme."" #politikahr"
"298851083567116288","","","","","2013-02-05 17:50:25 +0000","<a href=""http://www.hootsuite.com"" rel=""nofollow"">HootSuite</a>","Sutra na sjednici Vlade: Zakon o pravu na pristup informacijama, strategija razvoja #turizam... Dnevni red: http://t.co/39NZ2Bqg #politikahr","http://ow.ly/hrsEY"
"298845855119732736","298844316456079360","978107064","","","2013-02-05 17:29:38 +0000","<a href=""http://www.hootsuite.com"" rel=""nofollow"">HootSuite</a>","@mocvarnimoron Nedostaju jo? tri ratifikacije. Tijek mo?e? pratiti na http://t.co/2tMGFlns","http://ow.ly/hrs4W"
"298840680795602944","","","","","2013-02-05 17:09:05 +0000","<a href=""http://www.hootsuite.com"" rel=""nofollow"">HootSuite</a>","[YT] Hrvatska strategija za #turizam: By 2020 #Croatia in the top 20 http://t.co/VpRnqvbb","http://ow.ly/hroX8"
"298827698707513346","","","","","2013-02-05 16:17:29 +0000","<a href=""http://www.hootsuite.com"" rel=""nofollow"">HootSuite</a>","Zastupni?ki dom nizozemskog parlamenta sa 118 glasova ZA, od ukupno 150, potvrdio je hrvatski pristupni ugovor. #EU #politikahr"
"298821928238608384","","","","","2013-02-05 15:54:34 +0000","<a href=""http://www.hootsuite.com"" rel=""nofollow"">HootSuite</a>","Ministar Veljko O. za @mediaservishr: Zavr?ena je Strategija #turizam. Cilj: Hrvatska u vode?ih 20 turisti?kih zemalja http://t.co/Ke08Pthf","http://ow.ly/hrcvd"
"298817036782559232","298809835917545472","969718111","","","2013-02-05 15:35:07 +0000","<a href=""http://www.hootsuite.com"" rel=""nofollow"">HootSuite</a>","@dionfreemarket7 Ukoliko te zanima #porezNN, Zakon, prezentacija i odgovori ministra na pitanja mo?e? na?i na http://t.co/MyWasaD8","http://ow.ly/hr9Ca"
"298808695733776384","","","","","2013-02-05 15:01:59 +0000","<a href=""http://www.hootsuite.com"" rel=""nofollow"">HootSuite</a>","Danas je na Zavodu za sudsku medicinu i kriminalistiku identificirano 18 osoba stradalih u Domovinskom ratu http://t.co/1Z5MaD4B @branitelji","http://ow.ly/hr3QP"
"298807944097714176","298807016607055872","950820086","","","2013-02-05 14:59:00 +0000","<a href=""http://www.hootsuite.com"" rel=""nofollow"">HootSuite</a>","@markojurci Kurikulum je bio dostupan odmah, mo?e se na?i na http://t.co/0toh2ixD Tu smo za sve dodatne informacije. :)","http://ow.ly/hr3se"
"298806189871996928","298801313096028162","950820086","","","2013-02-05 14:52:01 +0000","<a href=""http://www.hootsuite.com"" rel=""nofollow"">HootSuite</a>","@markojurci I hvala ti na opasci. Svjesni smo kako je potrebno promijeniti na?in prezentacije informacija iz tijela dr?avne uprave."
"298805509920800768","298801313096028162","950820086","","","2013-02-05 14:49:19 +0000","<a href=""http://www.hootsuite.com"" rel=""nofollow"">HootSuite</a>","@markojurci Shvatili :) Na stranicama AZOO-a mo?e se na?i ve?ina vijesti i dokumenata o ZO-u ukoliko su potrebni http://t.co/xun81UWk","http://ow.ly/hr1oh"
"298802612906635265","298799707633893376","61843731","","","2013-02-05 14:37:49 +0000","<a href=""http://www.hootsuite.com"" rel=""nofollow"">HootSuite</a>","@maliveliki Ovdje ?e? na?i sve kontakte vezne uz #fiskalizacija http://t.co/zMxit90A Nadamo se da ?e biti od pomo?i.","http://ow.ly/hqZBs"
"298802095723782144","298799243458654209","950820086","","","2013-02-05 14:35:45 +0000","<a href=""http://www.hootsuite.com"" rel=""nofollow"">HootSuite</a>","@markojurci Nismo to ni mislili. Vidjeli smo stranicu, tu smo za sve dodatne informacije. :)"
"298798452907851777","298792212555251712","950820086","","","2013-02-05 14:21:17 +0000","<a href=""http://www.hootsuite.com"" rel=""nofollow"">HootSuite</a>","@markojurci Hvala ti na linku, na? stav o zdravstvenom odgoju je poznat. Jesi li pogledao jednu od konferencija? http://t.co/gFaReLQj","http://ow.ly/hqXds"
"298796881369264128","","384744121","","","2013-02-05 14:15:02 +0000","<a href=""http://beta.twitlonger.com"" rel=""nofollow"">TwitLonger Beta</a>","@markogrgosevic @lijenihinko Iz Ministarstva zdravlja doznajemo sljede?e : ""U budu?nosti uporaba stevie kao (cont) http://t.co/BYeNYF8K","http://tl.gd/kukdqp"
"298794510647975936","","14171357","","","2013-02-05 14:05:37 +0000","<a href=""http://beta.twitlonger.com"" rel=""nofollow"">TwitLonger Beta</a>","@tpokrajcic Iz Ministarstva zdravlja doznajemo sljede?e : ""U budu?nosti uporaba stevie kao biljke ne?e biti (cont) http://t.co/72jY2vsV","http://tl.gd/kuk9f0"
"298790862236839938","298785926556045315","61843731","","","2013-02-05 13:51:07 +0000","<a href=""http://www.hootsuite.com"" rel=""nofollow"">HootSuite</a>","@maliveliki Pozdrav, na sljede?em linku mo?e? na?i poja?njenja, kontakte i Q&amp;A u vezi #fiskalizacija http://t.co/kmW652yG","http://ow.ly/hqT2E"
"298782440024055808","","","","","2013-02-05 13:17:39 +0000","<a href=""http://beta.twitlonger.com"" rel=""nofollow"">TwitLonger Beta</a>","[Priop?enje] HZZO je zaprimio zahtjev za lije?enje u inozemstvu djevoj?ice Nore ?itum.

U Zagrebu 5. (cont) http://t.co/jcICM7LV","http://tl.gd/kujj5v"
"298749732245880832","","","","","2013-02-05 11:07:41 +0000","<a href=""http://www.hootsuite.com"" rel=""nofollow"">HootSuite</a>","Susret ministrice @MVEP_hr Pusi? i ministra @MZZRS Erjavca s financijskim stru?njacima je sutra u 14h u Oto?cu ob Krki #politikahr"
"298744069604134912","","","","","2013-02-05 10:45:11 +0000","<a href=""http://www.hootsuite.com"" rel=""nofollow"">HootSuite</a>","RT @gradoviRH: Linic: Investitori iz Europe ne prepoznaju kom. naknadu i treba je zamijeniti porezom na nekretnine #Sibenik #porezNN"
"298725582257127425","","","","","2013-02-05 09:31:43 +0000","<a href=""http://www.hootsuite.com"" rel=""nofollow"">HootSuite</a>","Ministar Vrdoljak predstavnicima francuskih poduze?a predstavio niz projekata u energetici -  iskazan je veliki interes http://t.co/R3cFWKMC","http://ow.ly/hqtUT"
"298708199635316736","","451552319","","","2013-02-05 08:22:39 +0000","<a href=""http://www.hootsuite.com"" rel=""nofollow"">HootSuite</a>","@hnice01 @zsalic @crazy_man @oseloth Jutro, evo novosti o dodacima prehrani:  http://t.co/1rnSZ0MP #prvasmjena","http://ow.ly/hqp1k"
"298707711120519168","298523224042512384","128247889","","","2013-02-05 08:20:42 +0000","<a href=""http://www.hootsuite.com"" rel=""nofollow"">HootSuite</a>","@svetonilovic @kapitalactwitt @nacinzivota @nikoja @ivana_culjak @_tribunusplebis Evo novosti o dodacima prehrani: http://t.co/5CUiVPRD","http://ow.ly/hqoFu"
"298706624225374208","","","","","2013-02-05 08:16:23 +0000","<a href=""http://beta.twitlonger.com"" rel=""nofollow"">TwitLonger Beta</a>","[PRIOP?ENJE] vezano za Pravilnik o izmjenama i dopunama pravilnika o dodacima prehrani

""Ministarstvo zdravlja (cont) http://t.co/RMDRU9Ab","http://tl.gd/kugffn"
"298525445857628160","","128247889","","","2013-02-04 20:16:27 +0000","<a href=""http://beta.twitlonger.com"" rel=""nofollow"">TwitLonger Beta</a>","@nacinzivota Evo ?to poru?uju iz Ministarstva #zdravlje:  ""U budu?nosti uporaba stevie kao biljke ne?e biti (cont) http://t.co/gRAKg5BW","http://tl.gd/kuc03h"
"298517626521518082","","613469163","","","2013-02-04 19:45:23 +0000","<a href=""http://www.hootsuite.com"" rel=""nofollow"">HootSuite</a>","@VendetaHR Hvala, no ipak bez vas sve ovo ne bi bilo mogu?e. cc @wwwzagrebhr"
"298517350276296704","","","","","2013-02-04 19:44:17 +0000","<a href=""http://www.hootsuite.com"" rel=""nofollow"">HootSuite</a>","Ministri Lini? i Vrdoljak s predstavnicima francuskih poduze?a o projektima u energetici, infrastrukturi i #turizam: http://t.co/V3HoTrac","http://ow.ly/hpvhK"
"298516955936215040","298515520997707778","34580977","","","2013-02-04 19:42:43 +0000","<a href=""http://www.hootsuite.com"" rel=""nofollow"">HootSuite</a>","@nikoja Molimo te da se za sva detaljna pitanja javi? direktno u Ministarstvo #zdravlje na: pitajtenas@miz.hr. Hvala ti."
"298512353228619776","","38737968","","","2013-02-04 19:24:25 +0000","<a href=""http://beta.twitlonger.com"" rel=""nofollow"">TwitLonger Beta</a>","@vrobm @crazy_man @hnice01 Iz Ministarstva zdravlja saznajemo sljede?e: ""U budu?nosti uporaba stevie kao (cont) http://t.co/ntxZjAxr","http://tl.gd/kubrde"
"298505229312352256","298504848771514368","26280018","","","2013-02-04 18:56:07 +0000","<a href=""http://www.hootsuite.com"" rel=""nofollow"">HootSuite</a>","@ivana_culjak Nema problema, trudimo se pomo?i kad god mo?emo :) cc @_tribunusplebis"
"298505030087094272","","368232957","","","2013-02-04 18:55:19 +0000","<a href=""http://beta.twitlonger.com"" rel=""nofollow"">TwitLonger Beta</a>","@zsalic @oseloth Vezano za va?a pitanja o steviji i batatu, iz Ministarstva zdravlja doznajemo sljede?e: ""U (cont) http://t.co/hhscNSPf","http://tl.gd/kubo1l"
"298504249443246080","","20839812","","","2013-02-04 18:52:13 +0000","<a href=""http://beta.twitlonger.com"" rel=""nofollow"">TwitLonger Beta</a>","@_tribunusplebis @ivana_culjak Iz Ministarstva zdravlja doznajemo sljede?e : ""U budu?nosti uporaba stevie kao (cont) http://t.co/eg2o72ov","http://tl.gd/kubnlf"
"298499314014113792","","","","","2013-02-04 18:32:36 +0000","<a href=""http://www.hootsuite.com"" rel=""nofollow"">HootSuite</a>","Ministri Jovanovi? i Gr?i? otvorili novoizgra?enu Obrtno-tehni?ku ?kolu u #Split: ulo?eno gotovo 80 milijuna kuna http://t.co/4n1QuXQI","http://ow.ly/hpktj"
"298496097716957184","298486337709940736","224726116","","","2013-02-04 18:19:50 +0000","<a href=""http://www.hootsuite.com"" rel=""nofollow"">HootSuite</a>","@ninabojana :( Nadamo se da ?e biti u redu, dr?imo fige."
"298485988357967872","","","","","2013-02-04 17:39:39 +0000","<a href=""http://www.hootsuite.com"" rel=""nofollow"">HootSuite</a>","[YT] U RH svakog dana jedna ?ena oboli od raka vrata maternice http://t.co/DD6FUtVL Prevencija http://t.co/cVqx43Oc #cancer #WorldCancerDay","http://ow.ly/hpcpB","http://ow.ly/hpctX"
"298483150789701632","","49031538","","","2013-02-04 17:28:23 +0000","<a href=""http://beta.twitlonger.com"" rel=""nofollow"">TwitLonger Beta</a>","@ikikuinthenutz @AntoNio_0708 @majadr @evilworks69 Ni ovo nije to?no. Gospodinu Borisu ?premu u Sjedinjenim (cont) http://t.co/5PBU3xWO","http://tl.gd/kub8oc"
"298463089488191489","298458249143922690","221499182","","","2013-02-04 16:08:40 +0000","<a href=""http://www.hootsuite.com"" rel=""nofollow"">HootSuite</a>","@antonio_0708 Neto?no. Zahtjev za osloba?anjem PDV-a nije ni upu?en, ve? je Vlada i prije samog zahtjeva reagirala. cc @majadr @evilworks69"
"298451725340270592","","","","","2013-02-04 15:23:30 +0000","<a href=""http://beta.twitlonger.com"" rel=""nofollow"">TwitLonger Beta</a>","Vlada preuzima pla?anje PDV-a za lije?enje Nore ?itum: 

Vlada ?e na prijedlog Ministarstva financija (cont) http://t.co/ILUNw83y","http://tl.gd/ku9tf9"
"298448469717291010","","","","","2013-02-04 15:10:34 +0000","<a href=""http://www.hootsuite.com"" rel=""nofollow"">HootSuite</a>","Svaka 11. ?ena u na?oj zemlji oboljet ?e od raka dojke. Uklju?ite se u program prevencije http://t.co/1JQfhU5e #cancer #WorldCancerDay","http://ow.ly/hofNT"
"298445822507511808","","","","","2013-02-04 15:00:03 +0000","<a href=""http://beta.twitlonger.com"" rel=""nofollow"">TwitLonger Beta</a>","[PRIOP?ENJE] Ravnatelj HZZO-a sastao se s Norinom majkom i onkologom - 

Ravnatelj Hrvatskog zavoda za (cont) http://t.co/4ezkaw73","http://tl.gd/ku9j12"
"298437852168077314","","","","","2013-02-04 14:28:23 +0000","<a href=""http://www.hootsuite.com"" rel=""nofollow"">HootSuite</a>","MT @Ivo_Baldasar Otvorenje Obrtno-tehni?ke ?kole u #Split: Susret s potpredsjednikom Gr?i?em i ministrom Jovanovi?em http://t.co/qlIAWFr1","http://ow.ly/hoFPm"
"298420710823583744","","","","","2013-02-04 13:20:16 +0000","<a href=""http://www.hootsuite.com"" rel=""nofollow"">HootSuite</a>","Za tro?kove lije?enja oboljelih od raka u 2012. HZZO je iz svojeg prora?una izdvojio oko milijardu i 925 milijuna kuna. #WorldCancerDay"
"298414398765162496","","","","","2013-02-04 12:55:11 +0000","<a href=""http://www.hootsuite.com"" rel=""nofollow"">HootSuite</a>","Min. #kultura daje potpore za predstavljanje knji?evne i knji?ne produkcije u Bologni, Sarajevu, Frankfurtu, Beogradu.. http://t.co/mWOzLnsA","http://ow.ly/ho7xj"
"298408255351304193","","","","","2013-02-04 12:30:46 +0000","<a href=""http://www.hootsuite.com"" rel=""nofollow"">HootSuite</a>","[YT] U RH svakog dana jedna ?ena oboli od raka vrata maternice http://t.co/xGftNp6M Prevencija http://t.co/5sGGdPSN #cancer #WorldCancerDay","http://ow.ly/hofzr","http://ow.ly/hofBh"
"298405812160851968","298384356941103106","41040125","","","2013-02-04 12:21:04 +0000","<a href=""http://www.hootsuite.com"" rel=""nofollow"">HootSuite</a>","@oseloth Codex Alimentarius ima tisu?e dokumenata, od op?ih za sve namirnice do onih za odre?ene prehrambene proizvode. http://t.co/8ZM8PbTD","http://ow.ly/hoq2K"
"298405185351467008","298396943166631938","223176277","","","2013-02-04 12:18:34 +0000","<a href=""http://www.hootsuite.com"" rel=""nofollow"">HootSuite</a>","@qualiahr Mo?e? ih pitati na Twitteru :) @minpo_hr"
"298404981403439105","298402187707547648","54808826","","","2013-02-04 12:17:46 +0000","<a href=""http://www.hootsuite.com"" rel=""nofollow"">HootSuite</a>","@kruno82 Radi se o preno?enju informacije @WHO. Uklju?i se, tvitnuli smo i http://t.co/RtHbImJ1 http://t.co/JRPlfsYX #WorldCancerDay","http://ow.ly/hopFj","http://ow.ly/hopGS"
"298399297047760896","","","","","2013-02-04 11:55:11 +0000","<a href=""http://www.hootsuite.com"" rel=""nofollow"">HootSuite</a>","MT @WHO Cancer is a leading cause of death worldwide. 7.6 million people died from #cancer in 2008 http://t.co/bhVigwCv  #WorldCancerDay","http://goo.gl/3vKd5"
"298393158105047040","","","","","2013-02-04 11:30:47 +0000","<a href=""http://www.hootsuite.com"" rel=""nofollow"">HootSuite</a>","Mladi, uklju?ite se! #javnarasprava o Zakonu o savjetima mladih traje jo? dva dana http://t.co/7Dsb0Xfj #politikahr","http://ow.ly/hn5hp"
"298386722335629312","","","","","2013-02-04 11:05:13 +0000","<a href=""http://www.hootsuite.com"" rel=""nofollow"">HootSuite</a>","Znate li da u Hrvatskoj od raka debelog crijeva mjese?no oboli 250 osoba? http://t.co/yOPztLt1 #WorldCancerDay","http://ow.ly/hog1D"
"298381690701746176","","","","","2013-02-04 10:45:13 +0000","<a href=""http://www.hootsuite.com"" rel=""nofollow"">HootSuite</a>","Uskoro prijave projekata u okviru Programa podr?ke politikama za primjenu informacijskih i komunikacijskih tehnologija http://t.co/tia4zNAW","http://ow.ly/ho86s"
"298377699339157504","","","","","2013-02-04 10:29:21 +0000","<a href=""http://www.hootsuite.com"" rel=""nofollow"">HootSuite</a>","Svjetski dan borbe protiv raka: Prevencija mo?e spasiti ?ivote. Pomozite nam i pro?irite rije? http://t.co/GbR9cdVl #cancer #WorldCancerDay","http://ow.ly/hoeSE"
"298375557471690752","","","","","2013-02-04 10:20:51 +0000","<a href=""http://www.hootsuite.com"" rel=""nofollow"">HootSuite</a>","[FOTO] Predsjednik Vlade Milanovi? s predsjednikom Skup?tine Crne Gore Rankom Krivokapi?em http://t.co/xQ1xb3zX","http://ow.ly/i/1t0l6"
"298371986902626304","298370108076744704","42601966","","","2013-02-04 10:06:39 +0000","<a href=""http://www.hootsuite.com"" rel=""nofollow"">HootSuite</a>","@komiska Dogovoreno! :)"
"298367440038019072","298339641453596672","41040125","","","2013-02-04 09:48:35 +0000","<a href=""http://www.hootsuite.com"" rel=""nofollow"">HootSuite</a>","@oseloth Hrvatski propisi uskla?eni su s #EU i @WHO http://t.co/lxI8SWdR http://t.co/5JW8WL2X","http://ow.ly/hobFV","http://ow.ly/hobGf"
"298366609125433344","","","","","2013-02-04 09:45:17 +0000","<a href=""http://www.hootsuite.com"" rel=""nofollow"">HootSuite</a>","[YT] Ravnateljica Porezne uprave: Omogu?it ?emo gra?anima reprogram dugova http://t.co/6AlLXGnT","http://ow.ly/ho6vz"
"298363647544152064","298164860817125376","784880508","","","2013-02-04 09:33:31 +0000","<a href=""http://www.hootsuite.com"" rel=""nofollow"">HootSuite</a>","@glavahead @marija_lugaric Nema frke, popodne tvitnemo kra?i, a do tada http://t.co/7Dsb0Xfj :)","http://ow.ly/hn5hp"
"298354012988784640","","","","","2013-02-04 08:55:14 +0000","<a href=""http://www.hootsuite.com"" rel=""nofollow"">HootSuite</a>","Premijer Milanovi? sastat ?e se s predsjednikom Skup?tine Crne Gore Rankom Krivokapi?em u 10:30h http://t.co/U0gqdw2A #croatia #montenegro","http://ow.ly/ho5U2"
"298350081940267009","","","","","2013-02-04 08:39:37 +0000","<a href=""http://www.hootsuite.com"" rel=""nofollow"">HootSuite</a>","Potpredsjednik Gr?i? i ministar Jovanovi? danas otvaraju novu Obrtno tehni?ku ?kolu u #Split http://t.co/6IjPOJ4K #mzos","http://ow.ly/ho5Bz"
"298154607299944449","","","","","2013-02-03 19:42:52 +0000","<a href=""http://www.hootsuite.com"" rel=""nofollow"">HootSuite</a>","Tvitera?i iz #Split: potpredsjednik Gr?i? i ministar Jovanovi? sutra su na otvorenju nove Obrtno tehni?ke ?kole http://t.co/bjqcoNsa #mzos","http://ow.ly/hntei"
"298151468635156480","","","","","2013-02-03 19:30:24 +0000","<a href=""http://www.hootsuite.com"" rel=""nofollow"">HootSuite</a>","Predsjednik Vlade Zoran Milanovi? sastat ?e se sutra s predsjednikom Skup?tine Crne Gore Rankom Krivokapi?em. http://t.co/iXZtJK4Y","http://ow.ly/hnsQG"
"298142422964240384","298141425483280386","224726116","","","2013-02-03 18:54:27 +0000","<a href=""http://www.hootsuite.com"" rel=""nofollow"">HootSuite</a>","@ninabojana Radi se o reprogramu dugova, a ne opra?tanju kako je rekla ravnateljica Porezne uprave."
"298141955710398464","","","","","2013-02-03 18:52:36 +0000","<a href=""http://www.hootsuite.com"" rel=""nofollow"">HootSuite</a>","Nada ?. Smiljanec: ""Pro?lu smo godinu dali tu mogu?nost poduze?ima, a sada i gra?anima. Zakon bi trebao za?ivjeti u travnju. "" #politikahr"
"298141151553269760","","","","","2013-02-03 18:49:24 +0000","<a href=""http://www.hootsuite.com"" rel=""nofollow"">HootSuite</a>","""Radi se o 400 000 gra?ana i 13 milijardi kuna. Kamate bi se otpisale, a glavnica reprogramirala."" - Nada ?. Smiljanec #politikahr"
"298140602279804928","","","","","2013-02-03 18:47:13 +0000","<a href=""http://www.hootsuite.com"" rel=""nofollow"">HootSuite</a>","Ravnateljica Porezne uprave Nada ?. Smiljanec za @zsprajc u Dnevniku: ""Omogu?it ?emo reprogram dugova gra?ana prema dr?avi."" #politikahr"
"298134571256516608","298133286046277633","262644403","","","2013-02-03 18:23:15 +0000","<a href=""http://www.hootsuite.com"" rel=""nofollow"">HootSuite</a>","@vkosalec Cilj je stvaranje mogu?nosti da svi imaju pristup novoj generaciji ?irokopojasnog interneta rekao je ministar Hajda? Don?i?. :)"
"298133062003339264","","61422270","","","2013-02-03 18:17:15 +0000","<a href=""http://beta.twitlonger.com"" rel=""nofollow"">TwitLonger Beta</a>","@tvalentinaa Ministar Rajko Ostoji? rekao je kako ?e u?initi sve da pomogne maloj Nori. Hrvatski zavod za (cont) http://t.co/jJESCSD9","http://tl.gd/ku08jg"
"298132601674289153","298128975434231808","262644403","","","2013-02-03 18:15:25 +0000","<a href=""http://www.hootsuite.com"" rel=""nofollow"">HootSuite</a>","@vkosalec Nije ba? telekom ve? objedinjavanje infrastrukture zbog br?eg i dostupnijeg Interneta. :) Prezentacija: http://t.co/9tLk0dff","http://ow.ly/hnpiP"
"298113853617737728","","","","","2013-02-03 17:00:56 +0000","<a href=""http://www.hootsuite.com"" rel=""nofollow"">HootSuite</a>","Uklju?ite se u javno savjetovanje o izmjenama Zakona o savjetima mladih koje se odr?ava u Zagrebu 6.2. Vi?e http://t.co/yxdfHItR #politikahr","http://ow.ly/hnlha"
"298112654684352514","298110409200783360","14786110","","","2013-02-03 16:56:10 +0000","<a href=""http://www.hootsuite.com"" rel=""nofollow"">HootSuite</a>","@ivospigel @TechToni Poduzetni?ki impuls za ovu godinu iznosi 730,5 mil kuna. Pogledaj prezentaciju: http://t.co/74cRXJXS /cc @dsabol","http://ow.ly/hnl5j"
"298108891919683584","298031387020255232","460621088","","","2013-02-03 16:41:13 +0000","<a href=""http://www.hootsuite.com"" rel=""nofollow"">HootSuite</a>","@marekuzmavk @maraTonka @sasastankovic @ninabojana @ivana_culjak Evo priop?enja HZZO-a u vezi Nore: http://t.co/f40vbPwB #NoraFora","http://ow.ly/hnkfd"
"298069582420262915","","","","","2013-02-03 14:05:00 +0000","<a href=""http://beta.twitlonger.com"" rel=""nofollow"">TwitLonger Beta</a>","Priop?enje HZZO-a u vezi lije?enja Nore ?itum: Hrvatski zavod za zdravstveno osiguranje ?e u najkra?em (cont) http://t.co/kgofinZ9","http://tl.gd/kttbmc"
"298055709185171456","","","","","2013-02-03 13:09:53 +0000","<a href=""http://twitter.com/#!/download/ipad"" rel=""nofollow"">Twitter for iPad</a>","RT @Rajko_Ostojic: U?init ?u sve da pomognem maloj Nori. Stoga, o?ekujem da HZZO do utorka izda rje?enje o daljnjem dijagnosti?kom postupku."
"298046056971763713","","","","","2013-02-03 12:31:32 +0000","<a href=""http://www.hootsuite.com"" rel=""nofollow"">HootSuite</a>","Gr?i? na otvaranju skupa o #EUfondovi. Glavni pokreta?i javnih #investicije u narednom periodu bit ?e fondovi. http://t.co/qRBVaDCD","http://ow.ly/hn7RJ"
"298027817952755712","","","","","2013-02-03 11:19:03 +0000","<a href=""http://www.hootsuite.com"" rel=""nofollow"">HootSuite</a>","Uklju?ite se u #javnarasprava o prijedlogu Zakona o izmjenama i dopunama Zakona o savjetima mladih.Rok 6.2. #politikahr http://t.co/7Dsb0Xfj","http://ow.ly/hn5hp"
"298022473348308992","","381728477","","","2013-02-03 10:57:49 +0000","<a href=""http://www.hootsuite.com"" rel=""nofollow"">HootSuite</a>","@antonijablace Kontaktirali smo Min. financija, i ti uradi isto na informiranje@mfin.hr. Javimo kad dobijemo povratnu info. :)"
"298017994955685888","298017101891923968","43751909","","","2013-02-03 10:40:01 +0000","<a href=""http://www.hootsuite.com"" rel=""nofollow"">HootSuite</a>","@antonijablace bok Tonka, provjerit ?emo pa ti javimo. Hvala ti na strpljenju. cc: @SasaStankovic"
"298013722050441216","298012141808676864","42601966","","","2013-02-03 10:23:02 +0000","<a href=""http://www.hootsuite.com"" rel=""nofollow"">HootSuite</a>","@komiska Slike su stvarno lijepe. Hvala ti na poveznici :)"
"298011609895419905","298006641994002432","25321266","","","2013-02-03 10:14:39 +0000","<a href=""http://www.hootsuite.com"" rel=""nofollow"">HootSuite</a>","@nedeljko Zasad nemamo informacija, ali podsje?amo kako je ?kolu Nikole Tesle posjetio prije koji tjedan http://t.co/YkOI4iBc","http://ow.ly/hn3db"
"298003811878985728","","","","","2013-02-03 09:43:40 +0000","<a href=""http://www.hootsuite.com"" rel=""nofollow"">HootSuite</a>","Jutro tvitera?i! Sutra ?e u 12h u Splitu na otvaranju nove zgrade Obrtno tehni?ke ?kole biti min. Jovanovi? http://t.co/JvTEqSW4 #mzos","http://ow.ly/hn2mZ"
"297779154152210432","","","","","2013-02-02 18:50:57 +0000","<a href=""http://www.hootsuite.com"" rel=""nofollow"">HootSuite</a>","Znate li ?to su ""Stalni sezonac"" i ""Rad i nakon ljeta""? Saznajte na http://t.co/Y4qlrAT3 #turizam","http://ow.ly/hj2AN"
"297776676706865152","297769589729792000","259374107","","","2013-02-02 18:41:06 +0000","<a href=""http://www.hootsuite.com"" rel=""nofollow"">HootSuite</a>","@nln3 @LidijaKralj Kao ?lanica N.vije?a za odgoj i obrazovanje sigurno si detaljnije upu?ena. Provjerimo u MUP i #mzos http://t.co/ueXYNZVX","http://ow.ly/hmtMI"
"297763049367040001","297762365770985472","81066264","","","2013-02-02 17:46:57 +0000","<a href=""http://www.hootsuite.com"" rel=""nofollow"">HootSuite</a>","@crol_hr Nema na ?emu. Svakako ?emo vam javiti ?im dobijemo odgovor od ministarstva :)"
"297761053436149762","297758839082721280","49747689","","","2013-02-02 17:39:01 +0000","<a href=""http://www.hootsuite.com"" rel=""nofollow"">HootSuite</a>","@zagrebpride @CroL_Hr hvala vam na poveznici, ?lanak smo proslijedili Ministarstvu socijalne politike i mladih."
"297757483118776320","297754829739130880","630200655","","","2013-02-02 17:24:50 +0000","<a href=""http://www.hootsuite.com"" rel=""nofollow"">HootSuite</a>","@igor_bajlovic_ Obavijestili smo HZZO o slu?aju."
"297755588480348160","","","","","2013-02-02 17:17:18 +0000","<a href=""http://www.hootsuite.com"" rel=""nofollow"">HootSuite</a>","[YT] Sjednica Vlade: Prema novom prijedlogu zakona pove?ava se minimalna pla?a na 2984 kn http://t.co/VlmGA0Fq #politikahr","http://ow.ly/hldVC"
"297682739371589633","297674641646968832","20530141","","","2013-02-02 12:27:50 +0000","<a href=""http://www.hootsuite.com"" rel=""nofollow"">HootSuite</a>","@antemarkic Hvala ti na poveznici. Ministar Lini? u jednom od intervjua je rekao kako je cilj 2 milijuna zaposlenih: http://t.co/j6AjIOHd","http://ow.ly/hm8Im"
"297673052165128193","","","","","2013-02-02 11:49:20 +0000","<a href=""http://www.hootsuite.com"" rel=""nofollow"">HootSuite</a>","[YT] Lini?: Imamo shopping centre, a nemamo industrije i proizvoda za izvoz. To moramo promijeniti. http://t.co/Mpkdv5f6 #politikahr","http://ow.ly/hm7ro"
"297666774789398528","","851701890","","","2013-02-02 11:24:24 +0000","<a href=""http://beta.twitlonger.com"" rel=""nofollow"">TwitLonger Beta</a>","@stajplu Hvala. Proslijedili smo poveznicu u HZZO iz kojeg javljaju kako je ravnatelj HZZO-a ve? upoznat sa (cont) http://t.co/6QA7OCUj","http://tl.gd/ktfjnl"
"297666569989939200","297664891194572803","329909280","","","2013-02-02 11:23:35 +0000","<a href=""http://www.hootsuite.com"" rel=""nofollow"">HootSuite</a>","@mbarancic Mo?e? pratiti na ?etvrtom tv kanalu HRT 4."
"297663019117334528","","","","","2013-02-02 11:09:28 +0000","<a href=""http://www.hootsuite.com"" rel=""nofollow"">HootSuite</a>","Ministar Slavko Lini? upravo gostuje na Hrvatskom radiju. Intervju mo?ete pratiti u?ivo na HRT 4 #politikahr"
"297656460333166593","","","","","2013-02-02 10:43:24 +0000","<a href=""http://www.hootsuite.com"" rel=""nofollow"">HootSuite</a>","Ministarstvo soc. politike i #mladi pozivaju na javno savjetovanje o izmjenama Zakona o savjetima mladih. Prijavite se: http://t.co/y1bkXPUK","http://ow.ly/hm56L"
"297641964969545728","297586071938682882","77991776","","","2013-02-02 09:45:49 +0000","<a href=""http://www.hootsuite.com"" rel=""nofollow"">HootSuite</a>","@stipapozega @KValentic Prosje?na neto pla?a prema http://t.co/xu0zhKmL iznosila je u studenome 5 681 kunu","http://www.dzs.hr"
"297640696561692672","297632878391611392","56055100","","","2013-02-02 09:40:46 +0000","<a href=""http://www.hootsuite.com"" rel=""nofollow"">HootSuite</a>","@malimujo Hvala ti na upozorenju. Provjerit ?emo."
"297640488536784896","297619786802798592","31681561","","","2013-02-02 09:39:57 +0000","<a href=""http://www.hootsuite.com"" rel=""nofollow"">HootSuite</a>","@lilirodic Hvala ti na poveznici. :) /cc @mrak"
"297639810015842304","","","","","2013-02-02 09:37:15 +0000","<a href=""http://www.hootsuite.com"" rel=""nofollow"">HootSuite</a>","Olak?ani uvjeti i potpore za sezonski rad u #turizam. Cilj: produ?iti sezonu,a sezoncima pru?iti sigurnost i beneficije http://t.co/9BDC9AFs","http://ow.ly/hm3hN"
"297439106529624064","","","","","2013-02-01 20:19:43 +0000","<a href=""http://www.hootsuite.com"" rel=""nofollow"">HootSuite</a>","Ima li tvitera?a iz Bjelovara? Ministar Jakovina sutra ?e u 10h otvoriti 9. Me?unarodni p?elarski sajam u #Bjelovar. http://t.co/5YKcZbg5","http://ow.ly/hll3l"
"297425606692462592","297422593563181056","1012735345","","","2013-02-01 19:26:05 +0000","<a href=""http://www.hootsuite.com"" rel=""nofollow"">HootSuite</a>","@marinambarkovic Snimku gostovanja mo?e? pogledati na: http://t.co/nmSxF8Uc  :)","http://ow.ly/hleqq"
"297425306472546305","","","","","2013-02-01 19:24:53 +0000","<a href=""http://www.hootsuite.com"" rel=""nofollow"">HootSuite</a>","[YT] Sjednica Vlade: Po prijedlogu zakona, minimalna pla?a bi se nakon 3 godine pove?ala na 2 984 kn http://t.co/VlmGA0Fq #politikahr","http://ow.ly/hldVC"
"297403042960117761","297400975772246017","159270105","","","2013-02-01 17:56:25 +0000","<a href=""http://www.hootsuite.com"" rel=""nofollow"">HootSuite</a>","@dkkefa Na http://t.co/7xlARGCK mo?e? prijaviti povredu propisa.","http://www.inspektorat.hr/prijavi-povredu-propisa"
"297402365093486592","297401409513586688","1078833589","","","2013-02-01 17:53:43 +0000","<a href=""http://www.hootsuite.com"" rel=""nofollow"">HootSuite</a>","@vedran_bralic Izjavu ministra Lini?a od jutros mo?e? poslu?ati na: http://t.co/UOwJS3mj","http://ow.ly/hl2MF"
"297401288164012032","","","","","2013-02-01 17:49:27 +0000","<a href=""http://www.hootsuite.com"" rel=""nofollow"">HootSuite</a>","Lini?: ""Onaj tko misli da se u godinu dana mo?e rije?iti problem, ne zna u kakvom se stanju nalazimo. Otpori prema reformama su ogromni."""
"297400361910681600","","","","","2013-02-01 17:45:46 +0000","<a href=""http://www.hootsuite.com"" rel=""nofollow"">HootSuite</a>","""Imamo shopping centre, a nemamo industrije i proizvoda za izvoz. To moramo promijeniti."" - ministar Slavko Lini? za @RTLDanas #politikahr"
"297398935826362369","","","","","2013-02-01 17:40:06 +0000","<a href=""http://www.hootsuite.com"" rel=""nofollow"">HootSuite</a>","Ministar Lini? za @RTLDanas: ""Kontroliramo fiskalne izdatke, ali nedostaje nam gospodarski rast. U zadnjih 5 godina ni?ta nije u?injeno."""
"297396383231639554","297392677203374081","1097671736","","","2013-02-01 17:29:57 +0000","<a href=""http://www.hootsuite.com"" rel=""nofollow"">HootSuite</a>","@ancap_cro Svjesni smo velikog poreznog optere?enja rada. Na to se danas osvrnuo i ministar Lini?. Mo?e? ga poslu?ati: http://t.co/roakJW90","http://ow.ly/hkYL3"
"297388236244930560","","","","","2013-02-01 16:57:35 +0000","<a href=""http://www.hootsuite.com"" rel=""nofollow"">HootSuite</a>","Ure?ujemo financiranje politi?kih aktivnosti i izborne promid?be za slijede?e lokalne #izborihr http://t.co/SGOyHKGu /cc @GONG_hr #OGP","http://ow.ly/hkTZ7"
"297386539959320578","297383884239302656","269438215","","","2013-02-01 16:50:50 +0000","<a href=""http://www.hootsuite.com"" rel=""nofollow"">HootSuite</a>","@zoranherak Poslu?ao izjavu s dana?nje konferencije? http://t.co/4WfmxLsi","http://ow.ly/hkT7X"
"297383328531763200","297322060315774978","26208193","","","2013-02-01 16:38:05 +0000","<a href=""http://www.hootsuite.com"" rel=""nofollow"">HootSuite</a>","@ppajdakovic @pojemario @Komentar_Dana Hvala vam na komentarima. Mijenja se Zakon o udrugama, nedavno je zavr?ila #javnarasprava"
"297381774143655937","","796330808","","","2013-02-01 16:31:54 +0000","<a href=""http://beta.twitlonger.com"" rel=""nofollow"">TwitLonger Beta</a>","@kovacmiodrag Sigurnost, solidarnost, ravnopravnost, pravednost i napredak svih hrvatskih gra?ana temeljni su (cont) http://t.co/wCPNF0KR","http://tl.gd/kt7tgq"
"297378303046742018","297377115098185730","54808826","","","2013-02-01 16:18:07 +0000","<a href=""http://www.hootsuite.com"" rel=""nofollow"">HootSuite</a>","@kruno82 Ta mjera omogu?ava da mladi lak?e do?u do prvog iskustva u struci i tako budu konkurentniji na tr?i?tu rada."
"297374655034040321","297372508502507522","260763752","","","2013-02-01 16:03:37 +0000","<a href=""http://www.hootsuite.com"" rel=""nofollow"">HootSuite</a>","@marijanzg1 ""?ak"" u smislu da se nije mijenjala tri godine. Prema prijedlogu, utvr?ivala bi se jednom godi?nje."
"297366416380809217","","296240527","","","2013-02-01 15:30:53 +0000","<a href=""http://beta.twitlonger.com"" rel=""nofollow"">TwitLonger Beta</a>","@dkolmani Ukinuta je naplata opomena prema Zakonu o za?titi potro?a?a ? u nastojanju da naplate svoja (cont) http://t.co/W3TAYHMH","http://tl.gd/kt74kc"
"297365884098465792","","1097671736","","","2013-02-01 15:28:46 +0000","<a href=""http://beta.twitlonger.com"" rel=""nofollow"">TwitLonger Beta</a>","@ancap_cro Zbog nepovoljne situacije u svijetu Hrvatska se mora osloniti na svoje potencijale kako bi iza?la iz (cont) http://t.co/56r3Wg0h","http://tl.gd/kt73mq"
"297363490220425216","","","","","2013-02-01 15:19:15 +0000","<a href=""http://www.hootsuite.com"" rel=""nofollow"">HootSuite</a>","74. sjednica Vlade: po prijedlogu zakona, minimalna pla?a bi se nakon ?ak 3 godine s 2 814 kn pove?ala na 2 984 kn http://t.co/LTSUNN8h","http://ow.ly/hkDE6"
"297362299512037376","297359185023213568","262644403","","","2013-02-01 15:14:31 +0000","<a href=""http://www.hootsuite.com"" rel=""nofollow"">HootSuite</a>","@vkosalec Ne zadugo, radimo na informatizaciji. Pogledaj: http://t.co/KMwadgn1 :)","http://ow.ly/hkD8P"
"297344192600997889","","","","","2013-02-01 14:02:34 +0000","<a href=""http://www.hootsuite.com"" rel=""nofollow"">HootSuite</a>","[Audio] Ministar Lini?: Ovo je realna slika Hrvatske. Otpor reformama je velik, no ova Vlada ima odgovore. http://t.co/jDqeBRni #politikahr","http://ow.ly/hkskt"
"297339130516480001","297328514519138304","209214104","","","2013-02-01 13:42:27 +0000","<a href=""http://www.hootsuite.com"" rel=""nofollow"">HootSuite</a>","@studosfera Odluku o sanaciji SC-a uz obrazlo?enje mo?ete pro?itati na sljede?oj poveznici: http://t.co/iguJe4Yr","http://ow.ly/hkpNm"
"297319672876003328","297309123559690241","53872045","","","2013-02-01 12:25:08 +0000","<a href=""http://www.hootsuite.com"" rel=""nofollow"">HootSuite</a>","@rotcherry Mo?e? provjeriti u Sudskom registru: https://t.co/YMRwORHG","https://sudreg.pravosudje.hr/registar"
"297307520307978240","297305978796404736","544530147","","","2013-02-01 11:36:51 +0000","<a href=""http://www.hootsuite.com"" rel=""nofollow"">HootSuite</a>","@hrvojer Isprike, ministar Lini? je imao konferenciju, a odmah nakon toga zapo?ela je sjednica Vlade. Usporit ?emo :)"
"297307238358458368","","","","","2013-02-01 11:35:43 +0000","<a href=""http://www.hootsuite.com"" rel=""nofollow"">HootSuite</a>","Miljeni?: ""Redefiniramo i uklanjamo pravila koja usporavaju parni?ni postupak - procesna disciplina, smanjenje tro?kova."" #politikahr"
"297305650298486784","","","","","2013-02-01 11:29:25 +0000","<a href=""http://www.hootsuite.com"" rel=""nofollow"">HootSuite</a>","ZM: ""Izvje??e govori da radimo dobro, ali ne dovoljno brzo.Promjene moraju biti brze, no ne pod cijenu prelaska granice stresne za gra?ane."""
"297304488082030592","","","","","2013-02-01 11:24:48 +0000","<a href=""http://www.hootsuite.com"" rel=""nofollow"">HootSuite</a>",".@drmrsic ""Min. pla?a nije pove?avana od 2009. Radi se o za?titnom mehanizmu za prava radnika, stoga ?e Vlada donijeti uredbu o izra?unu."""
"297303865387261952","","","","","2013-02-01 11:22:19 +0000","<a href=""http://www.hootsuite.com"" rel=""nofollow"">HootSuite</a>","Ministar Bauk: ""Ure?ujemo financiranje politi?kih aktivnosti i izborne promid?be ve? za slijede?e lokalne #izborihr."" #politikahr"
"297301797725413376","","","","","2013-02-01 11:14:06 +0000","<a href=""http://www.hootsuite.com"" rel=""nofollow"">HootSuite</a>","[U?ivo] Pratite prijenos sjednice Vlade: http://t.co/VAu1CCUC Dnevni red: http://t.co/vW3cH1Wp #politikahr","http://ow.ly/hkbb3","http://ow.ly/hkbkU"
"297301642544549888","","","","","2013-02-01 11:13:29 +0000","<a href=""http://www.hootsuite.com"" rel=""nofollow"">HootSuite</a>","Po?ela sjednica Vlade. Dnevni red: http://t.co/oXxqjNSs Video prijenos: http://t.co/GOTg6Nxt","http://ow.ly/hkbiA","http://ow.ly/hkbk7"
"297295368150994944","","","","","2013-02-01 10:48:33 +0000","<a href=""http://www.hootsuite.com"" rel=""nofollow"">HootSuite</a>","Lini?: ""Gra?ani shva?aju u kakvoj je situaciji RH i podnose optere?enje. Te?ko je. Provodimo mjere za pomo? gospodarstvu. Ne mo?emo ?ekati."""
"297294818814590976","","","","","2013-02-01 10:46:22 +0000","<a href=""http://www.hootsuite.com"" rel=""nofollow"">HootSuite</a>","Lini?: Ova Vlada ne uvodi nove namete ni poreze,ve? zamjenjuje stare. ?esto na teret gra?ana, a u korist gospodarstva. Moramo srediti nered."
"297293862882381824","","","","","2013-02-01 10:42:35 +0000","<a href=""http://www.hootsuite.com"" rel=""nofollow"">HootSuite</a>","Lini?: ""Otpor reformama je ogroman.To nije dobra poruka za investitore. Usmjereni smo na energetiku, restrukturiranje ?eljeznice, luke.."""
"297292175555829761","","","","","2013-02-01 10:35:52 +0000","<a href=""http://www.hootsuite.com"" rel=""nofollow"">HootSuite</a>","Lini?: ""RH nije bila pripremljena na krizu. Skrivene dubioze od kojih su prethodnici bje?ali tako?er su razlog ove prognoze."" #politikahr"
"297290855293784065","","","","","2013-02-01 10:30:37 +0000","<a href=""http://www.hootsuite.com"" rel=""nofollow"">HootSuite</a>","Lini?: ""Vlada ima odgovore: nova ulaganja u sektor energetike, fisk.konsolidacija privatnog sektora, rje?avanje tromog javnog sektora."""
"297290404032823296","","","","","2013-02-01 10:28:50 +0000","<a href=""http://www.hootsuite.com"" rel=""nofollow"">HootSuite</a>","Lini?: Dobili stabilnu ocjenu za rejting dr?avnih obveznica budu?i da je limitiran rizik od pogor?anja dr?avne fiskalne pozicije i duga."
"297289163252846592","","","","","2013-02-01 10:23:54 +0000","<a href=""http://www.hootsuite.com"" rel=""nofollow"">HootSuite</a>","[FOTO] Lini?: Razlozi sni?avanja: odsutnost gosp.oporavka, nedovoljna fisk.konsolidacija, vanjska osjetljivost http://t.co/4hW4M2nt","http://ow.ly/i/1sdKF"
"297286113129816065","","","297284068796669952","448694372","2013-02-01 10:11:47 +0000","<a href=""http://www.hootsuite.com"" rel=""nofollow"">HootSuite</a>","RT @AdelinaMarini: #Croatia's FinMin will make a statement on Moody's downgrade. It will be webcast here, thanks to @VladaRH http://t.co ..."
"297285829469032448","","","","","2013-02-01 10:10:39 +0000","<a href=""http://www.hootsuite.com"" rel=""nofollow"">HootSuite</a>","[FOTO] Ministar Lini? priprema se za izjavu vezanu uz kreditni rejting http://t.co/xvPwmJem","http://ow.ly/i/1sdzR"
"297276757445316608","","","","","2013-02-01 09:34:36 +0000","<a href=""http://www.hootsuite.com"" rel=""nofollow"">HootSuite</a>","[U?IVO] Izjavu ministra Lini?a od 11:15 mo?i ?ete pratiti na ovoj poveznici: http://t.co/05dOoZGm #politikahr #vladarh","http://ow.ly/hk2HI"
"297274449605038080","","14256196","","","2013-02-01 09:25:26 +0000","<a href=""http://beta.twitlonger.com"" rel=""nofollow"">TwitLonger Beta</a>","@igorklajo Hvala ti na komentaru. Sli?no je prokomentirao i premijer nedavno: ""Kada su nam prije tri mjeseca (cont) http://t.co/U7kBfD3b","http://tl.gd/kt2rgu"
"297273925421916160","297272367057625088","88809636","","","2013-02-01 09:23:21 +0000","<a href=""http://www.hootsuite.com"" rel=""nofollow"">HootSuite</a>","@fitonito Nadamo se da stvarno tako misli?. Radimo, preuzeli smo odgovornost, a rezultati sigurno ne?e izostati. Hvala ti na strpljenju."
"297270292923953152","","","","","2013-02-01 09:08:55 +0000","<a href=""http://www.hootsuite.com"" rel=""nofollow"">HootSuite</a>","Ministar Lini? ?e danas u 11.15h dati izjavu za medije o sni?avanju kreditnog rejtinga od strane agencije Moody's. #politikahr"
"297269654114676736","297267677616041985","221499182","","","2013-02-01 09:06:23 +0000","<a href=""http://www.hootsuite.com"" rel=""nofollow"">HootSuite</a>","@antonio_0708 Naravno da je bilo u tjednom pregledu, jer je to obilje?ilo taj tjedan. To nema veze s euforijom ni slavljem koje spominje? :)"
"297267051796508673","297255071564042240","221499182","","","2013-02-01 08:56:02 +0000","<a href=""http://www.hootsuite.com"" rel=""nofollow"">HootSuite</a>","@antonio_0708 Nikakve euforije ni slavlja nije bilo, ?to je vrlo jasno iz premijerove tada?nje izjave: http://t.co/CVdFHiVq","http://ow.ly/hjZrV"
"297266532684267520","297258267606917121","172698277","","","2013-02-01 08:53:58 +0000","<a href=""http://www.hootsuite.com"" rel=""nofollow"">HootSuite</a>","@imhotep_zg Lijepo zvu?i :D :)"
"297266346046156801","297253555641913344","224726116","","","2013-02-01 08:53:14 +0000","<a href=""http://www.hootsuite.com"" rel=""nofollow"">HootSuite</a>","@ninabojana Drago nam je zbog tebe :) Ho?e? li mo?da pratiti prijenos sjednice?"
"297251864460787713","","","","","2013-02-01 07:55:41 +0000","<a href=""http://www.hootsuite.com"" rel=""nofollow"">HootSuite</a>","Jutro #prvasmjena :) U 12h je sjednica Vlade, a dnevni red bit ce dostupan neposredno prije. Koji su va?i planovi za ovaj petak? #politikahr"
